suite,case,relative_path,source_url
cpu2006,GemsFDTD,traces/459.GemsFDTD-1320B.champsimtrace.xz,https://zenodo.org/api/records/10959705/files/459.GemsFDTD-1320B.champsimtrace.xz/content
cpu2006,bwaves,traces/410.bwaves-1963B.champsimtrace.xz,https://zenodo.org/api/records/10959705/files/410.bwaves-1963B.champsimtrace.xz/content
cpu2006,cactusADM,traces/436.cactusADM-1804B.champsimtrace.xz,https://zenodo.org/api/records/10959705/files/436.cactusADM-1804B.champsimtrace.xz/content
cpu2006,gcc,traces/403.gcc-16B.champsimtrace.xz,https://zenodo.org/api/records/10959705/files/403.gcc-16B.champsimtrace.xz/content
cpu2006,lbm,traces/470.lbm-1274B.champsimtrace.xz,https://zenodo.org/api/records/10959705/files/470.lbm-1274B.champsimtrace.xz/content
cpu2006,libquantum,traces/462.libquantum-714B.champsimtrace.xz,https://zenodo.org/api/records/10959705/files/462.libquantum-714B.champsimtrace.xz/content
cpu2006,mcf,traces/429.mcf-51B.champsimtrace.xz,https://zenodo.org/api/records/10959705/files/429.mcf-51B.champsimtrace.xz/content
cpu2006,milc,traces/433.milc-337B.champsimtrace.xz,https://zenodo.org/api/records/10959705/files/433.milc-337B.champsimtrace.xz/content
cpu2017_self,bwaves_w1,work/cpu2017_delivery_20261005/primary/traces/bwaves/w1_attempt_001.champsimtrace.xz,
cpu2017_self,bwaves_w2,work/cpu2017_delivery_20261005/primary/traces/bwaves/w2_attempt_001.champsimtrace.xz,
cpu2017_self,cactubssn_w1,work/cpu2017_delivery_20261005/primary/traces/cactubssn/w1_attempt_001.champsimtrace.xz,
cpu2017_self,cactubssn_w2,work/cpu2017_delivery_20261005/primary/traces/cactubssn/w2_attempt_001.champsimtrace.xz,
cpu2017_self,fotonik3d_w1,work/cpu2017_delivery_20261005/primary/traces/fotonik3d/w1_attempt_001.champsimtrace.xz,
cpu2017_self,fotonik3d_w2,work/cpu2017_delivery_20261005/primary/traces/fotonik3d/w2_attempt_001.champsimtrace.xz,
cpu2017_self,lbm_w1,work/cpu2017_delivery_20261005/primary/traces/lbm/w1_attempt_001.champsimtrace.xz,
cpu2017_self,lbm_w2,work/cpu2017_delivery_20261005/primary/traces/lbm/w2_attempt_001.champsimtrace.xz,
cpu2017_self,mcf_w1,work/cpu2017_delivery_20261005/primary/traces/mcf/w1_attempt_001.champsimtrace.xz,
cpu2017_self,mcf_w2,work/cpu2017_delivery_20261005/primary/traces/mcf/w2_attempt_001.champsimtrace.xz,
cpu2017_self,omnetpp_w1,work/cpu2017_delivery_20261005/primary/traces/omnetpp/w1_attempt_001.champsimtrace.xz,
cpu2017_self,omnetpp_w2,work/cpu2017_delivery_20261005/primary/traces/omnetpp/w2_attempt_001.champsimtrace.xz,
cpu2017_self,xalancbmk_w1,work/cpu2017_delivery_20261005/primary/traces/xalancbmk/w1_attempt_001.champsimtrace.xz,
cpu2017_self,xalancbmk_w2,work/cpu2017_delivery_20261005/primary/traces/xalancbmk/w2_attempt_001.champsimtrace.xz,
cpu2017_self,xz_w1,work/cpu2017_delivery_20261005/primary/traces/xz/w1_attempt_001.champsimtrace.xz,
cpu2017_self,xz_w2,work/cpu2017_delivery_20261005/primary/traces/xz/w2_attempt_001.champsimtrace.xz,
