run_id,group,suite,case,prefetcher,bandwidth,prefetch_threshold,warmup,roi,baseline_run_id,result_file
A1_cpu2006_GemsFDTD_bop_normal_tp0.25_w200M_r1000000000_rep1,A1,cpu2006,GemsFDTD,bop,normal,0.25,200000000,1000000000,A1_cpu2006_GemsFDTD_no_prefetch_normal_tpNA_w200M_r1000000000_rep1,results/raw/final_cpu2017/A1_cpu2006_GemsFDTD_bop_normal_tp0.25_w200M_r1000000000_rep1/attempt_001/result.json
A1_cpu2006_GemsFDTD_no_prefetch_normal_tpNA_w200M_r1000000000_rep1,A1,cpu2006,GemsFDTD,no_prefetch,normal,NA,200000000,1000000000,A1_cpu2006_GemsFDTD_no_prefetch_normal_tpNA_w200M_r1000000000_rep1,results/raw/final_cpu2017/A1_cpu2006_GemsFDTD_no_prefetch_normal_tpNA_w200M_r1000000000_rep1/attempt_001/result.json
A1_cpu2006_GemsFDTD_spp_normal_tp0.25_w200M_r1000000000_rep1,A1,cpu2006,GemsFDTD,spp,normal,0.25,200000000,1000000000,A1_cpu2006_GemsFDTD_no_prefetch_normal_tpNA_w200M_r1000000000_rep1,results/raw/final_cpu2017/A1_cpu2006_GemsFDTD_spp_normal_tp0.25_w200M_r1000000000_rep1/attempt_001/result.json
A1_cpu2006_bwaves_bop_normal_tp0.25_w200M_r1000000000_rep1,A1,cpu2006,bwaves,bop,normal,0.25,200000000,1000000000,A1_cpu2006_bwaves_no_prefetch_normal_tpNA_w200M_r1000000000_rep1,results/raw/final_cpu2017/A1_cpu2006_bwaves_bop_normal_tp0.25_w200M_r1000000000_rep1/attempt_001/result.json
A1_cpu2006_bwaves_no_prefetch_normal_tpNA_w200M_r1000000000_rep1,A1,cpu2006,bwaves,no_prefetch,normal,NA,200000000,1000000000,A1_cpu2006_bwaves_no_prefetch_normal_tpNA_w200M_r1000000000_rep1,results/raw/final_cpu2017/A1_cpu2006_bwaves_no_prefetch_normal_tpNA_w200M_r1000000000_rep1/attempt_001/result.json
A1_cpu2006_bwaves_spp_normal_tp0.25_w200M_r1000000000_rep1,A1,cpu2006,bwaves,spp,normal,0.25,200000000,1000000000,A1_cpu2006_bwaves_no_prefetch_normal_tpNA_w200M_r1000000000_rep1,results/raw/final_cpu2017/A1_cpu2006_bwaves_spp_normal_tp0.25_w200M_r1000000000_rep1/attempt_001/result.json
A1_cpu2006_cactusADM_bop_normal_tp0.25_w200M_r1000000000_rep1,A1,cpu2006,cactusADM,bop,normal,0.25,200000000,1000000000,A1_cpu2006_cactusADM_no_prefetch_normal_tpNA_w200M_r1000000000_rep1,results/raw/final_cpu2017/A1_cpu2006_cactusADM_bop_normal_tp0.25_w200M_r1000000000_rep1/attempt_001/result.json
A1_cpu2006_cactusADM_no_prefetch_normal_tpNA_w200M_r1000000000_rep1,A1,cpu2006,cactusADM,no_prefetch,normal,NA,200000000,1000000000,A1_cpu2006_cactusADM_no_prefetch_normal_tpNA_w200M_r1000000000_rep1,results/raw/final_cpu2017/A1_cpu2006_cactusADM_no_prefetch_normal_tpNA_w200M_r1000000000_rep1/attempt_001/result.json
A1_cpu2006_cactusADM_spp_normal_tp0.25_w200M_r1000000000_rep1,A1,cpu2006,cactusADM,spp,normal,0.25,200000000,1000000000,A1_cpu2006_cactusADM_no_prefetch_normal_tpNA_w200M_r1000000000_rep1,results/raw/final_cpu2017/A1_cpu2006_cactusADM_spp_normal_tp0.25_w200M_r1000000000_rep1/attempt_001/result.json
A1_cpu2006_gcc_bop_normal_tp0.25_w200M_r1000000000_rep1,A1,cpu2006,gcc,bop,normal,0.25,200000000,1000000000,A1_cpu2006_gcc_no_prefetch_normal_tpNA_w200M_r1000000000_rep1,results/raw/final_cpu2017/A1_cpu2006_gcc_bop_normal_tp0.25_w200M_r1000000000_rep1/attempt_001/result.json
A1_cpu2006_gcc_no_prefetch_normal_tpNA_w200M_r1000000000_rep1,A1,cpu2006,gcc,no_prefetch,normal,NA,200000000,1000000000,A1_cpu2006_gcc_no_prefetch_normal_tpNA_w200M_r1000000000_rep1,results/raw/final_cpu2017/A1_cpu2006_gcc_no_prefetch_normal_tpNA_w200M_r1000000000_rep1/attempt_001/result.json
A1_cpu2006_gcc_spp_normal_tp0.25_w200M_r1000000000_rep1,A1,cpu2006,gcc,spp,normal,0.25,200000000,1000000000,A1_cpu2006_gcc_no_prefetch_normal_tpNA_w200M_r1000000000_rep1,results/raw/final_cpu2017/A1_cpu2006_gcc_spp_normal_tp0.25_w200M_r1000000000_rep1/attempt_001/result.json
A1_cpu2006_lbm_bop_normal_tp0.25_w200M_r1000000000_rep1,A1,cpu2006,lbm,bop,normal,0.25,200000000,1000000000,A1_cpu2006_lbm_no_prefetch_normal_tpNA_w200M_r1000000000_rep1,results/raw/final_cpu2017/A1_cpu2006_lbm_bop_normal_tp0.25_w200M_r1000000000_rep1/attempt_001/result.json
A1_cpu2006_lbm_no_prefetch_normal_tpNA_w200M_r1000000000_rep1,A1,cpu2006,lbm,no_prefetch,normal,NA,200000000,1000000000,A1_cpu2006_lbm_no_prefetch_normal_tpNA_w200M_r1000000000_rep1,results/raw/final_cpu2017/A1_cpu2006_lbm_no_prefetch_normal_tpNA_w200M_r1000000000_rep1/attempt_001/result.json
A1_cpu2006_lbm_spp_normal_tp0.25_w200M_r1000000000_rep1,A1,cpu2006,lbm,spp,normal,0.25,200000000,1000000000,A1_cpu2006_lbm_no_prefetch_normal_tpNA_w200M_r1000000000_rep1,results/raw/final_cpu2017/A1_cpu2006_lbm_spp_normal_tp0.25_w200M_r1000000000_rep1/attempt_001/result.json
A1_cpu2006_libquantum_bop_normal_tp0.25_w200M_r1000000000_rep1,A1,cpu2006,libquantum,bop,normal,0.25,200000000,1000000000,A1_cpu2006_libquantum_no_prefetch_normal_tpNA_w200M_r1000000000_rep1,results/raw/final_cpu2017/A1_cpu2006_libquantum_bop_normal_tp0.25_w200M_r1000000000_rep1/attempt_001/result.json
A1_cpu2006_libquantum_no_prefetch_normal_tpNA_w200M_r1000000000_rep1,A1,cpu2006,libquantum,no_prefetch,normal,NA,200000000,1000000000,A1_cpu2006_libquantum_no_prefetch_normal_tpNA_w200M_r1000000000_rep1,results/raw/final_cpu2017/A1_cpu2006_libquantum_no_prefetch_normal_tpNA_w200M_r1000000000_rep1/attempt_001/result.json
A1_cpu2006_libquantum_spp_normal_tp0.25_w200M_r1000000000_rep1,A1,cpu2006,libquantum,spp,normal,0.25,200000000,1000000000,A1_cpu2006_libquantum_no_prefetch_normal_tpNA_w200M_r1000000000_rep1,results/raw/final_cpu2017/A1_cpu2006_libquantum_spp_normal_tp0.25_w200M_r1000000000_rep1/attempt_001/result.json
A1_cpu2006_mcf_bop_normal_tp0.25_w200M_r1000000000_rep1,A1,cpu2006,mcf,bop,normal,0.25,200000000,1000000000,A1_cpu2006_mcf_no_prefetch_normal_tpNA_w200M_r1000000000_rep1,results/raw/final_cpu2017/A1_cpu2006_mcf_bop_normal_tp0.25_w200M_r1000000000_rep1/attempt_001/result.json
A1_cpu2006_mcf_no_prefetch_normal_tpNA_w200M_r1000000000_rep1,A1,cpu2006,mcf,no_prefetch,normal,NA,200000000,1000000000,A1_cpu2006_mcf_no_prefetch_normal_tpNA_w200M_r1000000000_rep1,results/raw/final_cpu2017/A1_cpu2006_mcf_no_prefetch_normal_tpNA_w200M_r1000000000_rep1/attempt_001/result.json
A1_cpu2006_mcf_spp_normal_tp0.25_w200M_r1000000000_rep1,A1,cpu2006,mcf,spp,normal,0.25,200000000,1000000000,A1_cpu2006_mcf_no_prefetch_normal_tpNA_w200M_r1000000000_rep1,results/raw/final_cpu2017/A1_cpu2006_mcf_spp_normal_tp0.25_w200M_r1000000000_rep1/attempt_001/result.json
A1_cpu2006_milc_bop_normal_tp0.25_w200M_r1000000000_rep1,A1,cpu2006,milc,bop,normal,0.25,200000000,1000000000,A1_cpu2006_milc_no_prefetch_normal_tpNA_w200M_r1000000000_rep1,results/raw/final_cpu2017/A1_cpu2006_milc_bop_normal_tp0.25_w200M_r1000000000_rep1/attempt_001/result.json
A1_cpu2006_milc_no_prefetch_normal_tpNA_w200M_r1000000000_rep1,A1,cpu2006,milc,no_prefetch,normal,NA,200000000,1000000000,A1_cpu2006_milc_no_prefetch_normal_tpNA_w200M_r1000000000_rep1,results/raw/final_cpu2017/A1_cpu2006_milc_no_prefetch_normal_tpNA_w200M_r1000000000_rep1/attempt_001/result.json
A1_cpu2006_milc_spp_normal_tp0.25_w200M_r1000000000_rep1,A1,cpu2006,milc,spp,normal,0.25,200000000,1000000000,A1_cpu2006_milc_no_prefetch_normal_tpNA_w200M_r1000000000_rep1,results/raw/final_cpu2017/A1_cpu2006_milc_spp_normal_tp0.25_w200M_r1000000000_rep1/attempt_001/result.json
A2_cpu2006_GemsFDTD_spp_basic_normal_tp0.25_w200M_r1000000000_rep1,A2,cpu2006,GemsFDTD,spp_basic,normal,0.25,200000000,1000000000,A1_cpu2006_GemsFDTD_no_prefetch_normal_tpNA_w200M_r1000000000_rep1,results/raw/final_cpu2017/A2_cpu2006_GemsFDTD_spp_basic_normal_tp0.25_w200M_r1000000000_rep1/attempt_001/result.json
A2_cpu2006_GemsFDTD_spp_lookahead_normal_tp0.25_w200M_r1000000000_rep1,A2,cpu2006,GemsFDTD,spp_lookahead,normal,0.25,200000000,1000000000,A1_cpu2006_GemsFDTD_no_prefetch_normal_tpNA_w200M_r1000000000_rep1,results/raw/final_cpu2017/A2_cpu2006_GemsFDTD_spp_lookahead_normal_tp0.25_w200M_r1000000000_rep1/attempt_001/result.json
A2_cpu2006_libquantum_spp_basic_normal_tp0.25_w200M_r1000000000_rep1,A2,cpu2006,libquantum,spp_basic,normal,0.25,200000000,1000000000,A1_cpu2006_libquantum_no_prefetch_normal_tpNA_w200M_r1000000000_rep1,results/raw/final_cpu2017/A2_cpu2006_libquantum_spp_basic_normal_tp0.25_w200M_r1000000000_rep1/attempt_001/result.json
A2_cpu2006_libquantum_spp_lookahead_normal_tp0.25_w200M_r1000000000_rep1,A2,cpu2006,libquantum,spp_lookahead,normal,0.25,200000000,1000000000,A1_cpu2006_libquantum_no_prefetch_normal_tpNA_w200M_r1000000000_rep1,results/raw/final_cpu2017/A2_cpu2006_libquantum_spp_lookahead_normal_tp0.25_w200M_r1000000000_rep1/attempt_001/result.json
A3_cpu2006_bwaves_no_prefetch_low_tpNA_w200M_r1000000000_rep1,A3,cpu2006,bwaves,no_prefetch,low,NA,200000000,1000000000,A3_cpu2006_bwaves_no_prefetch_low_tpNA_w200M_r1000000000_rep1,results/raw/final_cpu2017/A3_cpu2006_bwaves_no_prefetch_low_tpNA_w200M_r1000000000_rep1/attempt_001/result.json
A3_cpu2006_bwaves_spp_low_tp0.15_w200M_r1000000000_rep1,A3,cpu2006,bwaves,spp,low,0.15,200000000,1000000000,A3_cpu2006_bwaves_no_prefetch_low_tpNA_w200M_r1000000000_rep1,results/raw/final_cpu2017/A3_cpu2006_bwaves_spp_low_tp0.15_w200M_r1000000000_rep1/attempt_001/result.json
A3_cpu2006_bwaves_spp_low_tp0.25_w200M_r1000000000_rep1,A3,cpu2006,bwaves,spp,low,0.25,200000000,1000000000,A3_cpu2006_bwaves_no_prefetch_low_tpNA_w200M_r1000000000_rep1,results/raw/final_cpu2017/A3_cpu2006_bwaves_spp_low_tp0.25_w200M_r1000000000_rep1/attempt_001/result.json
A3_cpu2006_bwaves_spp_low_tp0.40_w200M_r1000000000_rep1,A3,cpu2006,bwaves,spp,low,0.40,200000000,1000000000,A3_cpu2006_bwaves_no_prefetch_low_tpNA_w200M_r1000000000_rep1,results/raw/final_cpu2017/A3_cpu2006_bwaves_spp_low_tp0.40_w200M_r1000000000_rep1/attempt_001/result.json
A3_cpu2006_bwaves_spp_normal_tp0.15_w200M_r1000000000_rep1,A3,cpu2006,bwaves,spp,normal,0.15,200000000,1000000000,A1_cpu2006_bwaves_no_prefetch_normal_tpNA_w200M_r1000000000_rep1,results/raw/final_cpu2017/A3_cpu2006_bwaves_spp_normal_tp0.15_w200M_r1000000000_rep1/attempt_001/result.json
A3_cpu2006_bwaves_spp_normal_tp0.40_w200M_r1000000000_rep1,A3,cpu2006,bwaves,spp,normal,0.40,200000000,1000000000,A1_cpu2006_bwaves_no_prefetch_normal_tpNA_w200M_r1000000000_rep1,results/raw/final_cpu2017/A3_cpu2006_bwaves_spp_normal_tp0.40_w200M_r1000000000_rep1/attempt_001/result.json
A3_cpu2006_mcf_no_prefetch_low_tpNA_w200M_r1000000000_rep1,A3,cpu2006,mcf,no_prefetch,low,NA,200000000,1000000000,A3_cpu2006_mcf_no_prefetch_low_tpNA_w200M_r1000000000_rep1,results/raw/final_cpu2017/A3_cpu2006_mcf_no_prefetch_low_tpNA_w200M_r1000000000_rep1/attempt_001/result.json
A3_cpu2006_mcf_spp_low_tp0.15_w200M_r1000000000_rep1,A3,cpu2006,mcf,spp,low,0.15,200000000,1000000000,A3_cpu2006_mcf_no_prefetch_low_tpNA_w200M_r1000000000_rep1,results/raw/final_cpu2017/A3_cpu2006_mcf_spp_low_tp0.15_w200M_r1000000000_rep1/attempt_001/result.json
A3_cpu2006_mcf_spp_low_tp0.25_w200M_r1000000000_rep1,A3,cpu2006,mcf,spp,low,0.25,200000000,1000000000,A3_cpu2006_mcf_no_prefetch_low_tpNA_w200M_r1000000000_rep1,results/raw/final_cpu2017/A3_cpu2006_mcf_spp_low_tp0.25_w200M_r1000000000_rep1/attempt_001/result.json
A3_cpu2006_mcf_spp_low_tp0.40_w200M_r1000000000_rep1,A3,cpu2006,mcf,spp,low,0.40,200000000,1000000000,A3_cpu2006_mcf_no_prefetch_low_tpNA_w200M_r1000000000_rep1,results/raw/final_cpu2017/A3_cpu2006_mcf_spp_low_tp0.40_w200M_r1000000000_rep1/attempt_001/result.json
A3_cpu2006_mcf_spp_normal_tp0.15_w200M_r1000000000_rep1,A3,cpu2006,mcf,spp,normal,0.15,200000000,1000000000,A1_cpu2006_mcf_no_prefetch_normal_tpNA_w200M_r1000000000_rep1,results/raw/final_cpu2017/A3_cpu2006_mcf_spp_normal_tp0.15_w200M_r1000000000_rep1/attempt_001/result.json
A3_cpu2006_mcf_spp_normal_tp0.40_w200M_r1000000000_rep1,A3,cpu2006,mcf,spp,normal,0.40,200000000,1000000000,A1_cpu2006_mcf_no_prefetch_normal_tpNA_w200M_r1000000000_rep1,results/raw/final_cpu2017/A3_cpu2006_mcf_spp_normal_tp0.40_w200M_r1000000000_rep1/attempt_001/result.json
A4_cpu2006_bwaves_bop_normal_tp0.25_w200M_r500000000_rep1,A4,cpu2006,bwaves,bop,normal,0.25,200000000,500000000,A4_cpu2006_bwaves_no_prefetch_normal_tpNA_w200M_r500000000_rep1,results/raw/final_cpu2017/A4_cpu2006_bwaves_bop_normal_tp0.25_w200M_r500000000_rep1/attempt_001/result.json
A4_cpu2006_bwaves_no_prefetch_normal_tpNA_w200M_r500000000_rep1,A4,cpu2006,bwaves,no_prefetch,normal,NA,200000000,500000000,A4_cpu2006_bwaves_no_prefetch_normal_tpNA_w200M_r500000000_rep1,results/raw/final_cpu2017/A4_cpu2006_bwaves_no_prefetch_normal_tpNA_w200M_r500000000_rep1/attempt_001/result.json
A4_cpu2006_bwaves_spp_normal_tp0.25_w200M_r500000000_rep1,A4,cpu2006,bwaves,spp,normal,0.25,200000000,500000000,A4_cpu2006_bwaves_no_prefetch_normal_tpNA_w200M_r500000000_rep1,results/raw/final_cpu2017/A4_cpu2006_bwaves_spp_normal_tp0.25_w200M_r500000000_rep1/attempt_001/result.json
A4_cpu2006_mcf_bop_normal_tp0.25_w200M_r500000000_rep1,A4,cpu2006,mcf,bop,normal,0.25,200000000,500000000,A4_cpu2006_mcf_no_prefetch_normal_tpNA_w200M_r500000000_rep1,results/raw/final_cpu2017/A4_cpu2006_mcf_bop_normal_tp0.25_w200M_r500000000_rep1/attempt_001/result.json
A4_cpu2006_mcf_no_prefetch_normal_tpNA_w200M_r500000000_rep1,A4,cpu2006,mcf,no_prefetch,normal,NA,200000000,500000000,A4_cpu2006_mcf_no_prefetch_normal_tpNA_w200M_r500000000_rep1,results/raw/final_cpu2017/A4_cpu2006_mcf_no_prefetch_normal_tpNA_w200M_r500000000_rep1/attempt_001/result.json
A4_cpu2006_mcf_spp_normal_tp0.25_w200M_r500000000_rep1,A4,cpu2006,mcf,spp,normal,0.25,200000000,500000000,A4_cpu2006_mcf_no_prefetch_normal_tpNA_w200M_r500000000_rep1,results/raw/final_cpu2017/A4_cpu2006_mcf_spp_normal_tp0.25_w200M_r500000000_rep1/attempt_001/result.json
B1_cpu2017_self_bwaves_w1_bop_normal_tp0.25_w200M_r1000000000_rep1,B1,cpu2017_self,bwaves_w1,bop,normal,0.25,200000000,1000000000,B1_cpu2017_self_bwaves_w1_no_prefetch_normal_tpNA_w200M_r1000000000_rep1,results/raw/cpu2017_delivery_20261005/primary/B1_cpu2017_self_bwaves_w1_bop_normal_tp0.25_w200M_r1000000000_rep1/attempt_001/result.json
B1_cpu2017_self_bwaves_w1_no_prefetch_normal_tpNA_w200M_r1000000000_rep1,B1,cpu2017_self,bwaves_w1,no_prefetch,normal,NA,200000000,1000000000,B1_cpu2017_self_bwaves_w1_no_prefetch_normal_tpNA_w200M_r1000000000_rep1,results/raw/cpu2017_delivery_20261005/primary/B1_cpu2017_self_bwaves_w1_no_prefetch_normal_tpNA_w200M_r1000000000_rep1/attempt_001/result.json
B1_cpu2017_self_bwaves_w1_spp_normal_tp0.25_w200M_r1000000000_rep1,B1,cpu2017_self,bwaves_w1,spp,normal,0.25,200000000,1000000000,B1_cpu2017_self_bwaves_w1_no_prefetch_normal_tpNA_w200M_r1000000000_rep1,results/raw/cpu2017_delivery_20261005/primary/B1_cpu2017_self_bwaves_w1_spp_normal_tp0.25_w200M_r1000000000_rep1/attempt_001/result.json
B1_cpu2017_self_bwaves_w2_bop_normal_tp0.25_w200M_r1000000000_rep1,B1,cpu2017_self,bwaves_w2,bop,normal,0.25,200000000,1000000000,B1_cpu2017_self_bwaves_w2_no_prefetch_normal_tpNA_w200M_r1000000000_rep1,results/raw/cpu2017_delivery_20261005/primary/B1_cpu2017_self_bwaves_w2_bop_normal_tp0.25_w200M_r1000000000_rep1/attempt_001/result.json
B1_cpu2017_self_bwaves_w2_no_prefetch_normal_tpNA_w200M_r1000000000_rep1,B1,cpu2017_self,bwaves_w2,no_prefetch,normal,NA,200000000,1000000000,B1_cpu2017_self_bwaves_w2_no_prefetch_normal_tpNA_w200M_r1000000000_rep1,results/raw/cpu2017_delivery_20261005/primary/B1_cpu2017_self_bwaves_w2_no_prefetch_normal_tpNA_w200M_r1000000000_rep1/attempt_001/result.json
B1_cpu2017_self_bwaves_w2_spp_normal_tp0.25_w200M_r1000000000_rep1,B1,cpu2017_self,bwaves_w2,spp,normal,0.25,200000000,1000000000,B1_cpu2017_self_bwaves_w2_no_prefetch_normal_tpNA_w200M_r1000000000_rep1,results/raw/cpu2017_delivery_20261005/primary/B1_cpu2017_self_bwaves_w2_spp_normal_tp0.25_w200M_r1000000000_rep1/attempt_001/result.json
B1_cpu2017_self_cactubssn_w1_bop_normal_tp0.25_w200M_r1000000000_rep1,B1,cpu2017_self,cactubssn_w1,bop,normal,0.25,200000000,1000000000,B1_cpu2017_self_cactubssn_w1_no_prefetch_normal_tpNA_w200M_r1000000000_rep1,results/raw/cpu2017_delivery_20261005/primary/B1_cpu2017_self_cactubssn_w1_bop_normal_tp0.25_w200M_r1000000000_rep1/attempt_001/result.json
B1_cpu2017_self_cactubssn_w1_no_prefetch_normal_tpNA_w200M_r1000000000_rep1,B1,cpu2017_self,cactubssn_w1,no_prefetch,normal,NA,200000000,1000000000,B1_cpu2017_self_cactubssn_w1_no_prefetch_normal_tpNA_w200M_r1000000000_rep1,results/raw/cpu2017_delivery_20261005/primary/B1_cpu2017_self_cactubssn_w1_no_prefetch_normal_tpNA_w200M_r1000000000_rep1/attempt_001/result.json
B1_cpu2017_self_cactubssn_w1_spp_normal_tp0.25_w200M_r1000000000_rep1,B1,cpu2017_self,cactubssn_w1,spp,normal,0.25,200000000,1000000000,B1_cpu2017_self_cactubssn_w1_no_prefetch_normal_tpNA_w200M_r1000000000_rep1,results/raw/cpu2017_delivery_20261005/primary/B1_cpu2017_self_cactubssn_w1_spp_normal_tp0.25_w200M_r1000000000_rep1/attempt_001/result.json
B1_cpu2017_self_cactubssn_w2_bop_normal_tp0.25_w200M_r1000000000_rep1,B1,cpu2017_self,cactubssn_w2,bop,normal,0.25,200000000,1000000000,B1_cpu2017_self_cactubssn_w2_no_prefetch_normal_tpNA_w200M_r1000000000_rep1,results/raw/cpu2017_delivery_20261005/primary/B1_cpu2017_self_cactubssn_w2_bop_normal_tp0.25_w200M_r1000000000_rep1/attempt_001/result.json
B1_cpu2017_self_cactubssn_w2_no_prefetch_normal_tpNA_w200M_r1000000000_rep1,B1,cpu2017_self,cactubssn_w2,no_prefetch,normal,NA,200000000,1000000000,B1_cpu2017_self_cactubssn_w2_no_prefetch_normal_tpNA_w200M_r1000000000_rep1,results/raw/cpu2017_delivery_20261005/primary/B1_cpu2017_self_cactubssn_w2_no_prefetch_normal_tpNA_w200M_r1000000000_rep1/attempt_001/result.json
B1_cpu2017_self_cactubssn_w2_spp_normal_tp0.25_w200M_r1000000000_rep1,B1,cpu2017_self,cactubssn_w2,spp,normal,0.25,200000000,1000000000,B1_cpu2017_self_cactubssn_w2_no_prefetch_normal_tpNA_w200M_r1000000000_rep1,results/raw/cpu2017_delivery_20261005/primary/B1_cpu2017_self_cactubssn_w2_spp_normal_tp0.25_w200M_r1000000000_rep1/attempt_001/result.json
B1_cpu2017_self_fotonik3d_w1_bop_normal_tp0.25_w200M_r1000000000_rep1,B1,cpu2017_self,fotonik3d_w1,bop,normal,0.25,200000000,1000000000,B1_cpu2017_self_fotonik3d_w1_no_prefetch_normal_tpNA_w200M_r1000000000_rep1,results/raw/cpu2017_delivery_20261005/primary/B1_cpu2017_self_fotonik3d_w1_bop_normal_tp0.25_w200M_r1000000000_rep1/attempt_001/result.json
B1_cpu2017_self_fotonik3d_w1_no_prefetch_normal_tpNA_w200M_r1000000000_rep1,B1,cpu2017_self,fotonik3d_w1,no_prefetch,normal,NA,200000000,1000000000,B1_cpu2017_self_fotonik3d_w1_no_prefetch_normal_tpNA_w200M_r1000000000_rep1,results/raw/cpu2017_delivery_20261005/primary/B1_cpu2017_self_fotonik3d_w1_no_prefetch_normal_tpNA_w200M_r1000000000_rep1/attempt_001/result.json
B1_cpu2017_self_fotonik3d_w1_spp_normal_tp0.25_w200M_r1000000000_rep1,B1,cpu2017_self,fotonik3d_w1,spp,normal,0.25,200000000,1000000000,B1_cpu2017_self_fotonik3d_w1_no_prefetch_normal_tpNA_w200M_r1000000000_rep1,results/raw/cpu2017_delivery_20261005/primary/B1_cpu2017_self_fotonik3d_w1_spp_normal_tp0.25_w200M_r1000000000_rep1/attempt_001/result.json
B1_cpu2017_self_fotonik3d_w2_bop_normal_tp0.25_w200M_r1000000000_rep1,B1,cpu2017_self,fotonik3d_w2,bop,normal,0.25,200000000,1000000000,B1_cpu2017_self_fotonik3d_w2_no_prefetch_normal_tpNA_w200M_r1000000000_rep1,results/raw/cpu2017_delivery_20261005/primary/B1_cpu2017_self_fotonik3d_w2_bop_normal_tp0.25_w200M_r1000000000_rep1/attempt_001/result.json
B1_cpu2017_self_fotonik3d_w2_no_prefetch_normal_tpNA_w200M_r1000000000_rep1,B1,cpu2017_self,fotonik3d_w2,no_prefetch,normal,NA,200000000,1000000000,B1_cpu2017_self_fotonik3d_w2_no_prefetch_normal_tpNA_w200M_r1000000000_rep1,results/raw/cpu2017_delivery_20261005/primary/B1_cpu2017_self_fotonik3d_w2_no_prefetch_normal_tpNA_w200M_r1000000000_rep1/attempt_001/result.json
B1_cpu2017_self_fotonik3d_w2_spp_normal_tp0.25_w200M_r1000000000_rep1,B1,cpu2017_self,fotonik3d_w2,spp,normal,0.25,200000000,1000000000,B1_cpu2017_self_fotonik3d_w2_no_prefetch_normal_tpNA_w200M_r1000000000_rep1,results/raw/cpu2017_delivery_20261005/primary/B1_cpu2017_self_fotonik3d_w2_spp_normal_tp0.25_w200M_r1000000000_rep1/attempt_001/result.json
B1_cpu2017_self_lbm_w1_bop_normal_tp0.25_w200M_r1000000000_rep1,B1,cpu2017_self,lbm_w1,bop,normal,0.25,200000000,1000000000,B1_cpu2017_self_lbm_w1_no_prefetch_normal_tpNA_w200M_r1000000000_rep1,results/raw/cpu2017_delivery_20261005/primary/B1_cpu2017_self_lbm_w1_bop_normal_tp0.25_w200M_r1000000000_rep1/attempt_001/result.json
B1_cpu2017_self_lbm_w1_no_prefetch_normal_tpNA_w200M_r1000000000_rep1,B1,cpu2017_self,lbm_w1,no_prefetch,normal,NA,200000000,1000000000,B1_cpu2017_self_lbm_w1_no_prefetch_normal_tpNA_w200M_r1000000000_rep1,results/raw/cpu2017_delivery_20261005/primary/B1_cpu2017_self_lbm_w1_no_prefetch_normal_tpNA_w200M_r1000000000_rep1/attempt_001/result.json
B1_cpu2017_self_lbm_w1_spp_normal_tp0.25_w200M_r1000000000_rep1,B1,cpu2017_self,lbm_w1,spp,normal,0.25,200000000,1000000000,B1_cpu2017_self_lbm_w1_no_prefetch_normal_tpNA_w200M_r1000000000_rep1,results/raw/cpu2017_delivery_20261005/primary/B1_cpu2017_self_lbm_w1_spp_normal_tp0.25_w200M_r1000000000_rep1/attempt_001/result.json
B1_cpu2017_self_lbm_w2_bop_normal_tp0.25_w200M_r1000000000_rep1,B1,cpu2017_self,lbm_w2,bop,normal,0.25,200000000,1000000000,B1_cpu2017_self_lbm_w2_no_prefetch_normal_tpNA_w200M_r1000000000_rep1,results/raw/cpu2017_delivery_20261005/primary/B1_cpu2017_self_lbm_w2_bop_normal_tp0.25_w200M_r1000000000_rep1/attempt_001/result.json
B1_cpu2017_self_lbm_w2_no_prefetch_normal_tpNA_w200M_r1000000000_rep1,B1,cpu2017_self,lbm_w2,no_prefetch,normal,NA,200000000,1000000000,B1_cpu2017_self_lbm_w2_no_prefetch_normal_tpNA_w200M_r1000000000_rep1,results/raw/cpu2017_delivery_20261005/primary/B1_cpu2017_self_lbm_w2_no_prefetch_normal_tpNA_w200M_r1000000000_rep1/attempt_001/result.json
B1_cpu2017_self_lbm_w2_spp_normal_tp0.25_w200M_r1000000000_rep1,B1,cpu2017_self,lbm_w2,spp,normal,0.25,200000000,1000000000,B1_cpu2017_self_lbm_w2_no_prefetch_normal_tpNA_w200M_r1000000000_rep1,results/raw/cpu2017_delivery_20261005/primary/B1_cpu2017_self_lbm_w2_spp_normal_tp0.25_w200M_r1000000000_rep1/attempt_001/result.json
B1_cpu2017_self_mcf_w1_bop_normal_tp0.25_w200M_r1000000000_rep1,B1,cpu2017_self,mcf_w1,bop,normal,0.25,200000000,1000000000,B1_cpu2017_self_mcf_w1_no_prefetch_normal_tpNA_w200M_r1000000000_rep1,results/raw/cpu2017_delivery_20261005/primary/B1_cpu2017_self_mcf_w1_bop_normal_tp0.25_w200M_r1000000000_rep1/attempt_001/result.json
B1_cpu2017_self_mcf_w1_no_prefetch_normal_tpNA_w200M_r1000000000_rep1,B1,cpu2017_self,mcf_w1,no_prefetch,normal,NA,200000000,1000000000,B1_cpu2017_self_mcf_w1_no_prefetch_normal_tpNA_w200M_r1000000000_rep1,results/raw/cpu2017_delivery_20261005/primary/B1_cpu2017_self_mcf_w1_no_prefetch_normal_tpNA_w200M_r1000000000_rep1/attempt_001/result.json
B1_cpu2017_self_mcf_w1_spp_normal_tp0.25_w200M_r1000000000_rep1,B1,cpu2017_self,mcf_w1,spp,normal,0.25,200000000,1000000000,B1_cpu2017_self_mcf_w1_no_prefetch_normal_tpNA_w200M_r1000000000_rep1,results/raw/cpu2017_delivery_20261005/primary/B1_cpu2017_self_mcf_w1_spp_normal_tp0.25_w200M_r1000000000_rep1/attempt_001/result.json
B1_cpu2017_self_mcf_w2_bop_normal_tp0.25_w200M_r1000000000_rep1,B1,cpu2017_self,mcf_w2,bop,normal,0.25,200000000,1000000000,B1_cpu2017_self_mcf_w2_no_prefetch_normal_tpNA_w200M_r1000000000_rep1,results/raw/cpu2017_delivery_20261005/primary/B1_cpu2017_self_mcf_w2_bop_normal_tp0.25_w200M_r1000000000_rep1/attempt_001/result.json
B1_cpu2017_self_mcf_w2_no_prefetch_normal_tpNA_w200M_r1000000000_rep1,B1,cpu2017_self,mcf_w2,no_prefetch,normal,NA,200000000,1000000000,B1_cpu2017_self_mcf_w2_no_prefetch_normal_tpNA_w200M_r1000000000_rep1,results/raw/cpu2017_delivery_20261005/primary/B1_cpu2017_self_mcf_w2_no_prefetch_normal_tpNA_w200M_r1000000000_rep1/attempt_001/result.json
B1_cpu2017_self_mcf_w2_spp_normal_tp0.25_w200M_r1000000000_rep1,B1,cpu2017_self,mcf_w2,spp,normal,0.25,200000000,1000000000,B1_cpu2017_self_mcf_w2_no_prefetch_normal_tpNA_w200M_r1000000000_rep1,results/raw/cpu2017_delivery_20261005/primary/B1_cpu2017_self_mcf_w2_spp_normal_tp0.25_w200M_r1000000000_rep1/attempt_001/result.json
B1_cpu2017_self_omnetpp_w1_bop_normal_tp0.25_w200M_r1000000000_rep1,B1,cpu2017_self,omnetpp_w1,bop,normal,0.25,200000000,1000000000,B1_cpu2017_self_omnetpp_w1_no_prefetch_normal_tpNA_w200M_r1000000000_rep1,results/raw/cpu2017_delivery_20261005/primary/B1_cpu2017_self_omnetpp_w1_bop_normal_tp0.25_w200M_r1000000000_rep1/attempt_001/result.json
B1_cpu2017_self_omnetpp_w1_no_prefetch_normal_tpNA_w200M_r1000000000_rep1,B1,cpu2017_self,omnetpp_w1,no_prefetch,normal,NA,200000000,1000000000,B1_cpu2017_self_omnetpp_w1_no_prefetch_normal_tpNA_w200M_r1000000000_rep1,results/raw/cpu2017_delivery_20261005/primary/B1_cpu2017_self_omnetpp_w1_no_prefetch_normal_tpNA_w200M_r1000000000_rep1/attempt_001/result.json
B1_cpu2017_self_omnetpp_w1_spp_normal_tp0.25_w200M_r1000000000_rep1,B1,cpu2017_self,omnetpp_w1,spp,normal,0.25,200000000,1000000000,B1_cpu2017_self_omnetpp_w1_no_prefetch_normal_tpNA_w200M_r1000000000_rep1,results/raw/cpu2017_delivery_20261005/primary/B1_cpu2017_self_omnetpp_w1_spp_normal_tp0.25_w200M_r1000000000_rep1/attempt_001/result.json
B1_cpu2017_self_omnetpp_w2_bop_normal_tp0.25_w200M_r1000000000_rep1,B1,cpu2017_self,omnetpp_w2,bop,normal,0.25,200000000,1000000000,B1_cpu2017_self_omnetpp_w2_no_prefetch_normal_tpNA_w200M_r1000000000_rep1,results/raw/cpu2017_delivery_20261005/primary/B1_cpu2017_self_omnetpp_w2_bop_normal_tp0.25_w200M_r1000000000_rep1/attempt_001/result.json
B1_cpu2017_self_omnetpp_w2_no_prefetch_normal_tpNA_w200M_r1000000000_rep1,B1,cpu2017_self,omnetpp_w2,no_prefetch,normal,NA,200000000,1000000000,B1_cpu2017_self_omnetpp_w2_no_prefetch_normal_tpNA_w200M_r1000000000_rep1,results/raw/cpu2017_delivery_20261005/primary/B1_cpu2017_self_omnetpp_w2_no_prefetch_normal_tpNA_w200M_r1000000000_rep1/attempt_001/result.json
B1_cpu2017_self_omnetpp_w2_spp_normal_tp0.25_w200M_r1000000000_rep1,B1,cpu2017_self,omnetpp_w2,spp,normal,0.25,200000000,1000000000,B1_cpu2017_self_omnetpp_w2_no_prefetch_normal_tpNA_w200M_r1000000000_rep1,results/raw/cpu2017_delivery_20261005/primary/B1_cpu2017_self_omnetpp_w2_spp_normal_tp0.25_w200M_r1000000000_rep1/attempt_001/result.json
B1_cpu2017_self_xalancbmk_w1_bop_normal_tp0.25_w200M_r1000000000_rep1,B1,cpu2017_self,xalancbmk_w1,bop,normal,0.25,200000000,1000000000,B1_cpu2017_self_xalancbmk_w1_no_prefetch_normal_tpNA_w200M_r1000000000_rep1,results/raw/cpu2017_delivery_20261005/primary/B1_cpu2017_self_xalancbmk_w1_bop_normal_tp0.25_w200M_r1000000000_rep1/attempt_001/result.json
B1_cpu2017_self_xalancbmk_w1_no_prefetch_normal_tpNA_w200M_r1000000000_rep1,B1,cpu2017_self,xalancbmk_w1,no_prefetch,normal,NA,200000000,1000000000,B1_cpu2017_self_xalancbmk_w1_no_prefetch_normal_tpNA_w200M_r1000000000_rep1,results/raw/cpu2017_delivery_20261005/primary/B1_cpu2017_self_xalancbmk_w1_no_prefetch_normal_tpNA_w200M_r1000000000_rep1/attempt_001/result.json
B1_cpu2017_self_xalancbmk_w1_spp_normal_tp0.25_w200M_r1000000000_rep1,B1,cpu2017_self,xalancbmk_w1,spp,normal,0.25,200000000,1000000000,B1_cpu2017_self_xalancbmk_w1_no_prefetch_normal_tpNA_w200M_r1000000000_rep1,results/raw/cpu2017_delivery_20261005/primary/B1_cpu2017_self_xalancbmk_w1_spp_normal_tp0.25_w200M_r1000000000_rep1/attempt_001/result.json
B1_cpu2017_self_xalancbmk_w2_bop_normal_tp0.25_w200M_r1000000000_rep1,B1,cpu2017_self,xalancbmk_w2,bop,normal,0.25,200000000,1000000000,B1_cpu2017_self_xalancbmk_w2_no_prefetch_normal_tpNA_w200M_r1000000000_rep1,results/raw/cpu2017_delivery_20261005/primary/B1_cpu2017_self_xalancbmk_w2_bop_normal_tp0.25_w200M_r1000000000_rep1/attempt_001/result.json
B1_cpu2017_self_xalancbmk_w2_no_prefetch_normal_tpNA_w200M_r1000000000_rep1,B1,cpu2017_self,xalancbmk_w2,no_prefetch,normal,NA,200000000,1000000000,B1_cpu2017_self_xalancbmk_w2_no_prefetch_normal_tpNA_w200M_r1000000000_rep1,results/raw/cpu2017_delivery_20261005/primary/B1_cpu2017_self_xalancbmk_w2_no_prefetch_normal_tpNA_w200M_r1000000000_rep1/attempt_001/result.json
B1_cpu2017_self_xalancbmk_w2_spp_normal_tp0.25_w200M_r1000000000_rep1,B1,cpu2017_self,xalancbmk_w2,spp,normal,0.25,200000000,1000000000,B1_cpu2017_self_xalancbmk_w2_no_prefetch_normal_tpNA_w200M_r1000000000_rep1,results/raw/cpu2017_delivery_20261005/primary/B1_cpu2017_self_xalancbmk_w2_spp_normal_tp0.25_w200M_r1000000000_rep1/attempt_001/result.json
B1_cpu2017_self_xz_w1_bop_normal_tp0.25_w200M_r1000000000_rep1,B1,cpu2017_self,xz_w1,bop,normal,0.25,200000000,1000000000,B1_cpu2017_self_xz_w1_no_prefetch_normal_tpNA_w200M_r1000000000_rep1,results/raw/cpu2017_delivery_20261005/primary/B1_cpu2017_self_xz_w1_bop_normal_tp0.25_w200M_r1000000000_rep1/attempt_001/result.json
B1_cpu2017_self_xz_w1_no_prefetch_normal_tpNA_w200M_r1000000000_rep1,B1,cpu2017_self,xz_w1,no_prefetch,normal,NA,200000000,1000000000,B1_cpu2017_self_xz_w1_no_prefetch_normal_tpNA_w200M_r1000000000_rep1,results/raw/cpu2017_delivery_20261005/primary/B1_cpu2017_self_xz_w1_no_prefetch_normal_tpNA_w200M_r1000000000_rep1/attempt_001/result.json
B1_cpu2017_self_xz_w1_spp_normal_tp0.25_w200M_r1000000000_rep1,B1,cpu2017_self,xz_w1,spp,normal,0.25,200000000,1000000000,B1_cpu2017_self_xz_w1_no_prefetch_normal_tpNA_w200M_r1000000000_rep1,results/raw/cpu2017_delivery_20261005/primary/B1_cpu2017_self_xz_w1_spp_normal_tp0.25_w200M_r1000000000_rep1/attempt_001/result.json
B1_cpu2017_self_xz_w2_bop_normal_tp0.25_w200M_r1000000000_rep1,B1,cpu2017_self,xz_w2,bop,normal,0.25,200000000,1000000000,B1_cpu2017_self_xz_w2_no_prefetch_normal_tpNA_w200M_r1000000000_rep1,results/raw/cpu2017_delivery_20261005/primary/B1_cpu2017_self_xz_w2_bop_normal_tp0.25_w200M_r1000000000_rep1/attempt_001/result.json
B1_cpu2017_self_xz_w2_no_prefetch_normal_tpNA_w200M_r1000000000_rep1,B1,cpu2017_self,xz_w2,no_prefetch,normal,NA,200000000,1000000000,B1_cpu2017_self_xz_w2_no_prefetch_normal_tpNA_w200M_r1000000000_rep1,results/raw/cpu2017_delivery_20261005/primary/B1_cpu2017_self_xz_w2_no_prefetch_normal_tpNA_w200M_r1000000000_rep1/attempt_001/result.json
B1_cpu2017_self_xz_w2_spp_normal_tp0.25_w200M_r1000000000_rep1,B1,cpu2017_self,xz_w2,spp,normal,0.25,200000000,1000000000,B1_cpu2017_self_xz_w2_no_prefetch_normal_tpNA_w200M_r1000000000_rep1,results/raw/cpu2017_delivery_20261005/primary/B1_cpu2017_self_xz_w2_spp_normal_tp0.25_w200M_r1000000000_rep1/attempt_001/result.json
B3_cpu2017_self_bwaves_w1_spp_basic_normal_tp0.25_w200M_r1000000000_rep1,B3,cpu2017_self,bwaves_w1,spp_basic,normal,0.25,200000000,1000000000,B1_cpu2017_self_bwaves_w1_no_prefetch_normal_tpNA_w200M_r1000000000_rep1,results/raw/cpu2017_delivery_20261005/primary/B3_cpu2017_self_bwaves_w1_spp_basic_normal_tp0.25_w200M_r1000000000_rep1/attempt_001/result.json
B3_cpu2017_self_bwaves_w1_spp_lookahead_normal_tp0.25_w200M_r1000000000_rep1,B3,cpu2017_self,bwaves_w1,spp_lookahead,normal,0.25,200000000,1000000000,B1_cpu2017_self_bwaves_w1_no_prefetch_normal_tpNA_w200M_r1000000000_rep1,results/raw/cpu2017_delivery_20261005/primary/B3_cpu2017_self_bwaves_w1_spp_lookahead_normal_tp0.25_w200M_r1000000000_rep1/attempt_001/result.json
B3_cpu2017_self_bwaves_w2_spp_basic_normal_tp0.25_w200M_r1000000000_rep1,B3,cpu2017_self,bwaves_w2,spp_basic,normal,0.25,200000000,1000000000,B1_cpu2017_self_bwaves_w2_no_prefetch_normal_tpNA_w200M_r1000000000_rep1,results/raw/cpu2017_delivery_20261005/primary/B3_cpu2017_self_bwaves_w2_spp_basic_normal_tp0.25_w200M_r1000000000_rep1/attempt_001/result.json
B3_cpu2017_self_bwaves_w2_spp_lookahead_normal_tp0.25_w200M_r1000000000_rep1,B3,cpu2017_self,bwaves_w2,spp_lookahead,normal,0.25,200000000,1000000000,B1_cpu2017_self_bwaves_w2_no_prefetch_normal_tpNA_w200M_r1000000000_rep1,results/raw/cpu2017_delivery_20261005/primary/B3_cpu2017_self_bwaves_w2_spp_lookahead_normal_tp0.25_w200M_r1000000000_rep1/attempt_001/result.json
B3_cpu2017_self_fotonik3d_w1_spp_basic_normal_tp0.25_w200M_r1000000000_rep1,B3,cpu2017_self,fotonik3d_w1,spp_basic,normal,0.25,200000000,1000000000,B1_cpu2017_self_fotonik3d_w1_no_prefetch_normal_tpNA_w200M_r1000000000_rep1,results/raw/cpu2017_delivery_20261005/primary/B3_cpu2017_self_fotonik3d_w1_spp_basic_normal_tp0.25_w200M_r1000000000_rep1/attempt_001/result.json
B3_cpu2017_self_fotonik3d_w1_spp_lookahead_normal_tp0.25_w200M_r1000000000_rep1,B3,cpu2017_self,fotonik3d_w1,spp_lookahead,normal,0.25,200000000,1000000000,B1_cpu2017_self_fotonik3d_w1_no_prefetch_normal_tpNA_w200M_r1000000000_rep1,results/raw/cpu2017_delivery_20261005/primary/B3_cpu2017_self_fotonik3d_w1_spp_lookahead_normal_tp0.25_w200M_r1000000000_rep1/attempt_001/result.json
B3_cpu2017_self_fotonik3d_w2_spp_basic_normal_tp0.25_w200M_r1000000000_rep1,B3,cpu2017_self,fotonik3d_w2,spp_basic,normal,0.25,200000000,1000000000,B1_cpu2017_self_fotonik3d_w2_no_prefetch_normal_tpNA_w200M_r1000000000_rep1,results/raw/cpu2017_delivery_20261005/primary/B3_cpu2017_self_fotonik3d_w2_spp_basic_normal_tp0.25_w200M_r1000000000_rep1/attempt_001/result.json
B3_cpu2017_self_fotonik3d_w2_spp_lookahead_normal_tp0.25_w200M_r1000000000_rep1,B3,cpu2017_self,fotonik3d_w2,spp_lookahead,normal,0.25,200000000,1000000000,B1_cpu2017_self_fotonik3d_w2_no_prefetch_normal_tpNA_w200M_r1000000000_rep1,results/raw/cpu2017_delivery_20261005/primary/B3_cpu2017_self_fotonik3d_w2_spp_lookahead_normal_tp0.25_w200M_r1000000000_rep1/attempt_001/result.json
B4_cpu2017_self_bwaves_w1_no_prefetch_low_tpNA_w200M_r1000000000_rep1,B4,cpu2017_self,bwaves_w1,no_prefetch,low,NA,200000000,1000000000,B4_cpu2017_self_bwaves_w1_no_prefetch_low_tpNA_w200M_r1000000000_rep1,results/raw/cpu2017_delivery_20261005/primary/B4_cpu2017_self_bwaves_w1_no_prefetch_low_tpNA_w200M_r1000000000_rep1/attempt_001/result.json
B4_cpu2017_self_bwaves_w1_spp_low_tp0.15_w200M_r1000000000_rep1,B4,cpu2017_self,bwaves_w1,spp,low,0.15,200000000,1000000000,B4_cpu2017_self_bwaves_w1_no_prefetch_low_tpNA_w200M_r1000000000_rep1,results/raw/cpu2017_delivery_20261005/primary/B4_cpu2017_self_bwaves_w1_spp_low_tp0.15_w200M_r1000000000_rep1/attempt_001/result.json
B4_cpu2017_self_bwaves_w1_spp_low_tp0.25_w200M_r1000000000_rep1,B4,cpu2017_self,bwaves_w1,spp,low,0.25,200000000,1000000000,B4_cpu2017_self_bwaves_w1_no_prefetch_low_tpNA_w200M_r1000000000_rep1,results/raw/cpu2017_delivery_20261005/primary/B4_cpu2017_self_bwaves_w1_spp_low_tp0.25_w200M_r1000000000_rep1/attempt_001/result.json
B4_cpu2017_self_bwaves_w1_spp_low_tp0.40_w200M_r1000000000_rep1,B4,cpu2017_self,bwaves_w1,spp,low,0.40,200000000,1000000000,B4_cpu2017_self_bwaves_w1_no_prefetch_low_tpNA_w200M_r1000000000_rep1,results/raw/cpu2017_delivery_20261005/primary/B4_cpu2017_self_bwaves_w1_spp_low_tp0.40_w200M_r1000000000_rep1/attempt_001/result.json
B4_cpu2017_self_bwaves_w1_spp_normal_tp0.15_w200M_r1000000000_rep1,B4,cpu2017_self,bwaves_w1,spp,normal,0.15,200000000,1000000000,B1_cpu2017_self_bwaves_w1_no_prefetch_normal_tpNA_w200M_r1000000000_rep1,results/raw/cpu2017_delivery_20261005/primary/B4_cpu2017_self_bwaves_w1_spp_normal_tp0.15_w200M_r1000000000_rep1/attempt_001/result.json
B4_cpu2017_self_bwaves_w1_spp_normal_tp0.40_w200M_r1000000000_rep1,B4,cpu2017_self,bwaves_w1,spp,normal,0.40,200000000,1000000000,B1_cpu2017_self_bwaves_w1_no_prefetch_normal_tpNA_w200M_r1000000000_rep1,results/raw/cpu2017_delivery_20261005/primary/B4_cpu2017_self_bwaves_w1_spp_normal_tp0.40_w200M_r1000000000_rep1/attempt_001/result.json
B4_cpu2017_self_mcf_w1_no_prefetch_low_tpNA_w200M_r1000000000_rep1,B4,cpu2017_self,mcf_w1,no_prefetch,low,NA,200000000,1000000000,B4_cpu2017_self_mcf_w1_no_prefetch_low_tpNA_w200M_r1000000000_rep1,results/raw/cpu2017_delivery_20261005/primary/B4_cpu2017_self_mcf_w1_no_prefetch_low_tpNA_w200M_r1000000000_rep1/attempt_001/result.json
B4_cpu2017_self_mcf_w1_spp_low_tp0.15_w200M_r1000000000_rep1,B4,cpu2017_self,mcf_w1,spp,low,0.15,200000000,1000000000,B4_cpu2017_self_mcf_w1_no_prefetch_low_tpNA_w200M_r1000000000_rep1,results/raw/cpu2017_delivery_20261005/primary/B4_cpu2017_self_mcf_w1_spp_low_tp0.15_w200M_r1000000000_rep1/attempt_001/result.json
B4_cpu2017_self_mcf_w1_spp_low_tp0.25_w200M_r1000000000_rep1,B4,cpu2017_self,mcf_w1,spp,low,0.25,200000000,1000000000,B4_cpu2017_self_mcf_w1_no_prefetch_low_tpNA_w200M_r1000000000_rep1,results/raw/cpu2017_delivery_20261005/primary/B4_cpu2017_self_mcf_w1_spp_low_tp0.25_w200M_r1000000000_rep1/attempt_001/result.json
B4_cpu2017_self_mcf_w1_spp_low_tp0.40_w200M_r1000000000_rep1,B4,cpu2017_self,mcf_w1,spp,low,0.40,200000000,1000000000,B4_cpu2017_self_mcf_w1_no_prefetch_low_tpNA_w200M_r1000000000_rep1,results/raw/cpu2017_delivery_20261005/primary/B4_cpu2017_self_mcf_w1_spp_low_tp0.40_w200M_r1000000000_rep1/attempt_001/result.json
B4_cpu2017_self_mcf_w1_spp_normal_tp0.15_w200M_r1000000000_rep1,B4,cpu2017_self,mcf_w1,spp,normal,0.15,200000000,1000000000,B1_cpu2017_self_mcf_w1_no_prefetch_normal_tpNA_w200M_r1000000000_rep1,results/raw/cpu2017_delivery_20261005/primary/B4_cpu2017_self_mcf_w1_spp_normal_tp0.15_w200M_r1000000000_rep1/attempt_001/result.json
B4_cpu2017_self_mcf_w1_spp_normal_tp0.40_w200M_r1000000000_rep1,B4,cpu2017_self,mcf_w1,spp,normal,0.40,200000000,1000000000,B1_cpu2017_self_mcf_w1_no_prefetch_normal_tpNA_w200M_r1000000000_rep1,results/raw/cpu2017_delivery_20261005/primary/B4_cpu2017_self_mcf_w1_spp_normal_tp0.40_w200M_r1000000000_rep1/attempt_001/result.json
