application,baseline_ids,cycles,instructions,ipc,prefetcher,run_ids,speedup,suite,windows
GemsFDTD,A1_cpu2006_GemsFDTD_no_prefetch_normal_tpNA_w200M_r1000000000_rep1,1270053365,1000000002,0.7873684914019341,spp_basic,A2_cpu2006_GemsFDTD_spp_basic_normal_tp0.25_w200M_r1000000000_rep1,2.0324124254416662,CPU2006,1
GemsFDTD,A1_cpu2006_GemsFDTD_no_prefetch_normal_tpNA_w200M_r1000000000_rep1,1094405702,1000000002,0.9137379311643974,spp_lookahead,A2_cpu2006_GemsFDTD_spp_lookahead_normal_tp0.25_w200M_r1000000000_rep1,2.358606351632477,CPU2006,1
GemsFDTD,A1_cpu2006_GemsFDTD_no_prefetch_normal_tpNA_w200M_r1000000000_rep1,1088413104,1000000002,0.9187688004902962,spp,A1_cpu2006_GemsFDTD_spp_normal_tp0.25_w200M_r1000000000_rep1,2.371592394940515,CPU2006,1
libquantum,A1_cpu2006_libquantum_no_prefetch_normal_tpNA_w200M_r1000000000_rep1,3349526257,1000000001,0.29854968263352233,spp_basic,A2_cpu2006_libquantum_spp_basic_normal_tp0.25_w200M_r1000000000_rep1,1.412243483043204,CPU2006,1
libquantum,A1_cpu2006_libquantum_no_prefetch_normal_tpNA_w200M_r1000000000_rep1,1581307909,1000000001,0.6323879083311409,spp_lookahead,A2_cpu2006_libquantum_spp_lookahead_normal_tp0.25_w200M_r1000000000_rep1,2.991414006600246,CPU2006,1
libquantum,A1_cpu2006_libquantum_no_prefetch_normal_tpNA_w200M_r1000000000_rep1,1584259232,1000000001,0.631209830311407,spp,A1_cpu2006_libquantum_spp_normal_tp0.25_w200M_r1000000000_rep1,2.985841289217967,CPU2006,1
bwaves,B1_cpu2017_self_bwaves_w1_no_prefetch_normal_tpNA_w200M_r1000000000_rep1|B1_cpu2017_self_bwaves_w2_no_prefetch_normal_tpNA_w200M_r1000000000_rep1,3223904891,2000000003,0.6203656964519305,spp_basic,B3_cpu2017_self_bwaves_w1_spp_basic_normal_tp0.25_w200M_r1000000000_rep1|B3_cpu2017_self_bwaves_w2_spp_basic_normal_tp0.25_w200M_r1000000000_rep1,1.657669702328697,CPU2017,2
bwaves,B1_cpu2017_self_bwaves_w1_no_prefetch_normal_tpNA_w200M_r1000000000_rep1|B1_cpu2017_self_bwaves_w2_no_prefetch_normal_tpNA_w200M_r1000000000_rep1,2498443944,2000000000,0.8004982480407413,spp_lookahead,B3_cpu2017_self_bwaves_w1_spp_lookahead_normal_tp0.25_w200M_r1000000000_rep1|B3_cpu2017_self_bwaves_w2_spp_lookahead_normal_tp0.25_w200M_r1000000000_rep1,2.1389991421731676,CPU2017,2
bwaves,B1_cpu2017_self_bwaves_w1_no_prefetch_normal_tpNA_w200M_r1000000000_rep1|B1_cpu2017_self_bwaves_w2_no_prefetch_normal_tpNA_w200M_r1000000000_rep1,2501800159,2000000004,0.7994243652136566,spp,B1_cpu2017_self_bwaves_w1_spp_normal_tp0.25_w200M_r1000000000_rep1|B1_cpu2017_self_bwaves_w2_spp_normal_tp0.25_w200M_r1000000000_rep1,2.1361296362728726,CPU2017,2
fotonik3d,B1_cpu2017_self_fotonik3d_w1_no_prefetch_normal_tpNA_w200M_r1000000000_rep1|B1_cpu2017_self_fotonik3d_w2_no_prefetch_normal_tpNA_w200M_r1000000000_rep1,1217982107,2000000003,1.6420602499048043,spp_basic,B3_cpu2017_self_fotonik3d_w1_spp_basic_normal_tp0.25_w200M_r1000000000_rep1|B3_cpu2017_self_fotonik3d_w2_spp_basic_normal_tp0.25_w200M_r1000000000_rep1,1.0000004688082007,CPU2017,2
fotonik3d,B1_cpu2017_self_fotonik3d_w1_no_prefetch_normal_tpNA_w200M_r1000000000_rep1|B1_cpu2017_self_fotonik3d_w2_no_prefetch_normal_tpNA_w200M_r1000000000_rep1,1217982095,2000000003,1.6420602660829755,spp_lookahead,B3_cpu2017_self_fotonik3d_w1_spp_lookahead_normal_tp0.25_w200M_r1000000000_rep1|B3_cpu2017_self_fotonik3d_w2_spp_lookahead_normal_tp0.25_w200M_r1000000000_rep1,1.000000478660567,CPU2017,2
fotonik3d,B1_cpu2017_self_fotonik3d_w1_no_prefetch_normal_tpNA_w200M_r1000000000_rep1|B1_cpu2017_self_fotonik3d_w2_no_prefetch_normal_tpNA_w200M_r1000000000_rep1,1217982095,2000000003,1.6420602660829755,spp,B1_cpu2017_self_fotonik3d_w1_spp_normal_tp0.25_w200M_r1000000000_rep1|B1_cpu2017_self_fotonik3d_w2_spp_normal_tp0.25_w200M_r1000000000_rep1,1.000000478660567,CPU2017,2
