application,bandwidth,baseline_ids,cycles,instructions,ipc,run_ids,speedup,suite,threshold,windows
bwaves,normal,A1_cpu2006_bwaves_no_prefetch_normal_tpNA_w200M_r1000000000_rep1,1044420707,1000000001,0.9574685701822264,A3_cpu2006_bwaves_spp_normal_tp0.15_w200M_r1000000000_rep1,2.1051096301163437,CPU2006,0.15,1
bwaves,normal,A1_cpu2006_bwaves_no_prefetch_normal_tpNA_w200M_r1000000000_rep1,1040457150,1000000000,0.961115986371952,A1_cpu2006_bwaves_spp_normal_tp0.25_w200M_r1000000000_rep1,2.113128912613076,CPU2006,0.25,1
bwaves,normal,A1_cpu2006_bwaves_no_prefetch_normal_tpNA_w200M_r1000000000_rep1,1038025913,1000000000,0.9633670869640419,A3_cpu2006_bwaves_spp_normal_tp0.40_w200M_r1000000000_rep1,2.1180782275904515,CPU2006,0.4,1
bwaves,low,A3_cpu2006_bwaves_no_prefetch_low_tpNA_w200M_r1000000000_rep1,1716632961,1000000003,0.5825357113133051,A3_cpu2006_bwaves_spp_low_tp0.15_w200M_r1000000000_rep1,1.6126008657013085,CPU2006,0.15,1
bwaves,low,A3_cpu2006_bwaves_no_prefetch_low_tpNA_w200M_r1000000000_rep1,1710090297,1000000002,0.584764444166658,A3_cpu2006_bwaves_spp_low_tp0.25_w200M_r1000000000_rep1,1.618770541583721,CPU2006,0.25,1
bwaves,low,A3_cpu2006_bwaves_no_prefetch_low_tpNA_w200M_r1000000000_rep1,1693601303,1000000000,0.5904577412810363,A3_cpu2006_bwaves_spp_low_tp0.40_w200M_r1000000000_rep1,1.6345309759691824,CPU2006,0.4,1
mcf,normal,A1_cpu2006_mcf_no_prefetch_normal_tpNA_w200M_r1000000000_rep1,9966991141,1000000002,0.10033118198394113,A3_cpu2006_mcf_spp_normal_tp0.15_w200M_r1000000000_rep1,1.034388656894612,CPU2006,0.15,1
mcf,normal,A1_cpu2006_mcf_no_prefetch_normal_tpNA_w200M_r1000000000_rep1,10058289024,1000000003,0.09942048797900997,A1_cpu2006_mcf_spp_normal_tp0.25_w200M_r1000000000_rep1,1.024999636153747,CPU2006,0.25,1
mcf,normal,A1_cpu2006_mcf_no_prefetch_normal_tpNA_w200M_r1000000000_rep1,10184074325,1000000003,0.09819252796939892,A3_cpu2006_mcf_spp_normal_tp0.40_w200M_r1000000000_rep1,1.01233968458191,CPU2006,0.4,1
mcf,low,A3_cpu2006_mcf_no_prefetch_low_tpNA_w200M_r1000000000_rep1,12542589704,1000000002,0.07972835160836733,A3_cpu2006_mcf_spp_low_tp0.15_w200M_r1000000000_rep1,0.9903963796279179,CPU2006,0.15,1
mcf,low,A3_cpu2006_mcf_no_prefetch_low_tpNA_w200M_r1000000000_rep1,12564688793,1000000003,0.07958812346845526,A3_cpu2006_mcf_spp_low_tp0.25_w200M_r1000000000_rep1,0.9886544466857561,CPU2006,0.25,1
mcf,low,A3_cpu2006_mcf_no_prefetch_low_tpNA_w200M_r1000000000_rep1,12590803212,1000000000,0.07942305055224144,A3_cpu2006_mcf_spp_low_tp0.40_w200M_r1000000000_rep1,0.9866038885681638,CPU2006,0.4,1
bwaves,normal,B1_cpu2017_self_bwaves_w1_no_prefetch_normal_tpNA_w200M_r1000000000_rep1,1295241595,1000000001,0.7720567381871334,B4_cpu2017_self_bwaves_w1_spp_normal_tp0.15_w200M_r1000000000_rep1,2.261359647017044,CPU2017,0.15,1
bwaves,normal,B1_cpu2017_self_bwaves_w1_no_prefetch_normal_tpNA_w200M_r1000000000_rep1,1292103411,1000000002,0.7739318644984213,B1_cpu2017_self_bwaves_w1_spp_normal_tp0.25_w200M_r1000000000_rep1,2.266851905245841,CPU2017,0.25,1
bwaves,normal,B1_cpu2017_self_bwaves_w1_no_prefetch_normal_tpNA_w200M_r1000000000_rep1,1278284572,1000000002,0.7822984207932692,B4_cpu2017_self_bwaves_w1_spp_normal_tp0.40_w200M_r1000000000_rep1,2.2913576078112907,CPU2017,0.4,1
bwaves,low,B4_cpu2017_self_bwaves_w1_no_prefetch_low_tpNA_w200M_r1000000000_rep1,2378321555,1000000002,0.42046459188736574,B4_cpu2017_self_bwaves_w1_spp_low_tp0.15_w200M_r1000000000_rep1,1.6015755164818584,CPU2017,0.15,1
bwaves,low,B4_cpu2017_self_bwaves_w1_no_prefetch_low_tpNA_w200M_r1000000000_rep1,2368403444,1000000002,0.42222536220902407,B4_cpu2017_self_bwaves_w1_spp_low_tp0.25_w200M_r1000000000_rep1,1.608282399039216,CPU2017,0.25,1
bwaves,low,B4_cpu2017_self_bwaves_w1_no_prefetch_low_tpNA_w200M_r1000000000_rep1,2347191214,1000000002,0.4260411320711428,B4_cpu2017_self_bwaves_w1_spp_low_tp0.40_w200M_r1000000000_rep1,1.6228169013626266,CPU2017,0.4,1
mcf,normal,B1_cpu2017_self_mcf_w1_no_prefetch_normal_tpNA_w200M_r1000000000_rep1,2146363988,1000000000,0.465904201519803,B4_cpu2017_self_mcf_w1_spp_normal_tp0.15_w200M_r1000000000_rep1,1.20236618226377,CPU2017,0.15,1
mcf,normal,B1_cpu2017_self_mcf_w1_no_prefetch_normal_tpNA_w200M_r1000000000_rep1,2158570411,1000000000,0.4632695764307871,B1_cpu2017_self_mcf_w1_spp_normal_tp0.25_w200M_r1000000000_rep1,1.195566964528358,CPU2017,0.25,1
mcf,normal,B1_cpu2017_self_mcf_w1_no_prefetch_normal_tpNA_w200M_r1000000000_rep1,2180826549,1000000000,0.4585417398089462,B4_cpu2017_self_mcf_w1_spp_normal_tp0.40_w200M_r1000000000_rep1,1.1833657633998294,CPU2017,0.4,1
mcf,low,B4_cpu2017_self_mcf_w1_no_prefetch_low_tpNA_w200M_r1000000000_rep1,2752385648,1000000000,0.3633211794744833,B4_cpu2017_self_mcf_w1_spp_low_tp0.15_w200M_r1000000000_rep1,1.1066838806594446,CPU2017,0.15,1
mcf,low,B4_cpu2017_self_mcf_w1_no_prefetch_low_tpNA_w200M_r1000000000_rep1,2718344981,1000000000,0.36787089460298344,B4_cpu2017_self_mcf_w1_spp_low_tp0.25_w200M_r1000000000_rep1,1.1205424077114223,CPU2017,0.25,1
mcf,low,B4_cpu2017_self_mcf_w1_no_prefetch_low_tpNA_w200M_r1000000000_rep1,2697751443,1000000000,0.37067907148924095,B4_cpu2017_self_mcf_w1_spp_low_tp0.40_w200M_r1000000000_rep1,1.1290961730012872,CPU2017,0.4,1
