application,dram_ratio,dram_reads,dram_transactions_per_ki,dram_writes,group,ipc,l2_accuracy,l2_coverage,l2_created,l2_late,l2_miss_rate,l2_mpki,l2_mpki_including_merge,l2_timely,l2_timely_accuracy,l2_unresolved,l2_unused,prefetcher,roi_cycles,roi_instructions,speedup,windows
GemsFDTD,1.071441179845194,13546474,19.18080496163839,5634331,A1,0.79374217197085,0.8829967961123623,0.6548346705920651,11858718,1990530,0.3273803997774209,4.541983990916032,6.532548986934902,8480680,0.715143070271171,154,1387354,bop,1259854947,1000000002,2.0488646301279316,1
GemsFDTD,1.0,12267292,17.901873964196252,5634582,A1,0.3874058638619226,,0.0,0,0,0.9336051731652505,12.950871974098256,12.950895974098207,0,,0,0,no_prefetch,2581272240,1000000002,1.0,1
GemsFDTD,1.0759865698976543,13627718,19.26217596147565,5634458,A1,0.9187688004902962,0.964382782664814,0.5330094375112348,7378819,213069,0.43492571267774643,6.034057987931884,6.2471499875057,6902937,0.9355070235494325,86,262727,spp,1088413104,1000000002,2.371592394940515,1
bwaves,1.0000296509122832,18712430,19.797616980202385,1085187,A1,1.0009509143781683,0.9998640305714825,0.5190846000040124,12385137,2680529,0.4339144171160941,8.989046991010953,11.670570988329429,9702924,0.783432916406173,7,1677,bop,999049990,1000000001,2.200710785451907,1
bwaves,1.0,18711717,19.79703,1085313,A1,0.45483073968423665,,0.0,0,0,0.904721854431567,18.692375,18.693351,0,,0,0,no_prefetch,2198620086,1000000000,1.0,1
bwaves,1.000099206800212,18715359,19.798994,1083635,A1,0.961115986371952,0.9998655407206635,0.4496186279164633,9415490,1009784,0.4977381015777422,10.281328,11.291541,8404440,0.892618440463534,2,1264,spp,1040457150,1000000000,2.113128912613076,1
cactusADM,1.0006052631539541,5166961,6.682129,1515168,A1,1.1840882710714145,0.9991801842973684,0.7582562865260879,4002119,79870,0.14030677560544524,1.249973,1.329849,3918968,0.9792232564798797,35,3246,bop,844531632,1000000000,1.645568262148883,1
cactusADM,1.0,5162957,6.678087,1515130,A1,0.7195619278200954,,0.0,0,0,0.5811336254446012,5.168395,5.168399,0,,0,0,no_prefetch,1389734450,1000000000,1.0,1
cactusADM,1.0017722141086212,5175049,6.689921986620156,1514873,A1,1.1369170743647496,0.9991254019418925,0.3854331954117284,2036364,42512,0.3572163465600516,3.17513499364973,3.2176499935647,1992071,0.978248977098397,9,1772,spp,879571628,1000000002,1.5800128250379044,1
gcc,1.176964908151407,24317275,33.5533039664467,9236029,A1,0.315837824482183,0.7823008978973374,0.5557837858114841,25437652,2091091,0.4321490253612818,14.355414985644584,16.446505983553493,17808807,0.70009633750788,1458,5536296,bop,3166181893,1000000001,1.5048010973512316,1
gcc,1.0,19329364,28.50832997149167,9178966,A1,0.20988675848131985,,0.0,0,0,0.9646301552882073,32.04268896795731,32.04268896795731,0,,0,0,no_prefetch,4764473987,1000000001,1.0,1
gcc,1.0927596951487513,22152689,31.152753968847247,9000065,A1,0.3212637466275282,0.9911481472073413,0.08947747799817925,2991916,98333,0.8782591287334796,29.173576970826424,29.27190997072809,2867099,0.9582819170056913,11,26473,spp,3112707274,1000000001,1.5306527622423642,1
lbm,1.000017644932567,29982427,52.423908,22441481,A1,0.44081484165031626,0.9957817696479228,0.3244298122415261,13231615,3294832,0.4149020073019777,20.608681,23.903513,9880969,0.7467696876004932,73,55741,bop,2268526160,1000000000,1.3741243883209175,1
lbm,1.0,29981625,52.422983,22441358,A1,0.32079689829896746,,0.0,0,0,0.6129424200205165,30.456415,30.456415,0,,0,0,no_prefetch,3117237122,1000000000,1.0,1
lbm,1.0000487572406935,29984168,52.425538895148925,22441371,A1,0.4067490954770578,0.999891845122215,0.09394217934054287,3541218,679693,0.5553682911994905,27.595428944809143,28.275121943449758,2861142,0.8079542123642205,2,381,spp,2458518072,1000000002,1.2679333797610068,1
libquantum,1.000009812566252,26285449,40.051078,13765629,A1,0.5177586572554677,0.9999825144572023,0.43638013540503934,23791083,12342657,0.5636196885533196,14.786013,27.128671,11448010,0.4811891077005616,6,410,bop,1931401795,1000000000,2.449177915877416,1
libquantum,1.0,26285047,40.050685,13765638,A1,0.21140099863671238,,0.0,0,0,1.0,26.234031,26.234031,0,,0,0,no_prefetch,4730346623,1000000000,1.0,1
libquantum,1.000034331497701,26286442,40.05205995994794,13765618,A1,0.631209830311407,0.9999973771323216,0.2355398604202305,17919318,11740111,0.7644600946877159,20.054865979945134,31.794976968205024,6179160,0.34483232006932407,1,46,spp,1584259232,1000000001,2.985841289217967,1
mcf,1.303357482962578,86008645,101.71111769486664,15702473,A1,0.10237005836825717,0.0903378951135382,0.04365520413655863,38724502,152828,0.7048479733009635,74.96051477511845,75.11336077465992,3345462,0.08639134984873402,0,35226212,bop,9768481321,1000000003,1.0554089475265351,1
mcf,1.0,62441649,78.037775,15596126,A1,0.0969956324590316,,0.0,0,0,0.7205813753074873,76.63375,76.63375,0,,0,0,no_prefetch,10309742559,1000000000,1.0,1
mcf,1.2074570039958212,78569867,94.22725771731822,15657391,A1,0.09942048797900997,0.055739615416631985,3.845564128076729e-05,60065,401,0.7206112836563177,76.63694277008918,76.63734377008797,2947,0.04906351452593024,0,56717,spp,10058289024,1000000003,1.024999636153747,1
milc,1.0024748596684037,23100514,31.681216968318783,8580703,A1,0.4886431671040166,0.9913800340512442,0.388490330445473,11161413,2203257,0.6113720080424695,13.949292986050708,16.15254998384745,8861945,0.7939805650055239,379,95832,bop,2046483136,1000000001,1.5103376458554503,1
milc,1.0,23022473,31.603003936793993,8580531,A1,0.32353240246968135,,0.0,0,0,0.9997726199437467,22.811236954377527,22.811236954377527,0,,0,0,no_prefetch,3090880525,1000000002,1.0,1
milc,1.0448163725195239,24438758,33.01933593396133,8580578,A1,0.5901038521997097,0.9931561089958073,0.1468487658078341,4683593,1301737,0.852958758008117,19.461431961077135,20.763168958473663,3349802,0.7152205582338175,32,32022,spp,1694616970,1000000002,1.8239405008436802,1
bwaves,1.0000939733899776,47580246,27.457160458814258,7334075,B1,0.8346832476282107,0.9997000958245548,0.46055378509698425,29009266,6882079,0.4910133539179623,12.953985480569022,16.395450975406824,22118487,0.7624628282563234,68,8632,bop,2396118538,2000000003,2.2303443574459756,2
bwaves,1.0,47575086,27.45458045881813,7334075,B1,0.37423963023540807,,0.0,0,0,0.9140697521181871,24.012924963980613,24.0132009639802,0,,0,0,no_prefetch,5344169461,2000000003,1.0,2
bwaves,1.000194375579696,47587169,27.459916945080167,7332665,B1,0.7994243652136566,0.999876558798664,0.38048690444833355,21216579,2940753,0.5702403838835269,14.871627970256744,16.34210996731578,18273207,0.861270188751919,8,2611,spp,2501800159,2000000004,2.1361296362728726,2
cactubssn,1.0065842766500166,17967343,12.491424487508576,7015506,B1,1.2048751097580228,0.9663515510588143,0.43980427305654746,11074983,2466064,0.07297276878005048,5.310832994689167,6.543946993456053,8236263,0.7436817735973048,39,372617,bop,1659923079,2000000002,1.5637351416089325,2
cactubssn,1.0,17804912,12.409715487590285,7014519,B1,0.7705109885286089,,0.0,0,0,0.12855360117901501,9.363554990636445,9.363592990636407,0,,0,0,no_prefetch,2595680051,2000000002,1.0,2
cactubssn,1.00997879443731,18051997,12.53354948746645,7015102,B1,1.1603318234793976,0.9845966837932193,0.303582239865094,6237488,456192,0.08964036537595824,6.509594493490406,6.737737493262262,5685218,0.9114595491005354,57,96021,spp,1723644876,2000000002,1.5059250818670378,2
fotonik3d,1.0002402931576524,74463,0.0499509999250735,25439,B1,1.642059624349091,0.9730857159823045,0.8599522460117548,67362,0,0.10493709855193645,0.005521999991717,0.005521999991717,65549,0.9730857159823045,181,1632,bop,1217982571,2000000003,1.0000000878501898,2
fotonik3d,1.0,74460,0.0499389999250915,25418,B1,1.642059480093854,,0.0,0,0,0.7242391707127044,0.038111999942832,0.038111999942832,0,,0,0,no_prefetch,1217982678,2000000003,1.0,2
fotonik3d,1.0001902320831415,74466,0.04994849992507725,25431,B1,1.6420602660829755,0.1951219512195122,0.00010495382031905961,41,0,0.7240612648221344,0.0381029999428455,0.0381029999428455,8,0.1951219512195122,5,28,spp,1217982095,2000000003,1.000000478660567,2
lbm,1.0000399926910446,44190506,38.6336039420496,33076702,B1,0.599284301966742,0.9959538129470606,0.32110584142609216,19243055,4750248,0.4177678573665193,15.259685977110472,17.634822473547768,14414946,0.7490986228538036,25,77836,bop,3337314187,2000000003,1.3537870202929145,2
lbm,1.0,44187458,38.63205894205191,33076660,B1,0.44267251272439945,,0.0,0,0,0.6143498757541757,22.44578596633132,22.445790966331312,0,,0,0,no_prefetch,4518012629,2000000003,1.0,2
lbm,1.000033547267051,44190083,38.63335490341661,33076627,B1,0.5494792842130206,0.9999785739941269,0.09927377905144422,5133948,677282,0.5533840167148493,20.217586449456032,20.556238448609403,4456556,0.8680563184512192,0,110,spp,3639809657,2000000005,1.241277170862238,2
mcf,1.4927704417394296,29470999,14.749803492625098,28608,B1,0.5226464104604435,0.4610041338928862,0.32814861123515227,32986099,968893,0.43316539006366844,15.619812492190094,16.10428149194786,14237835,0.4316313668979166,2017,17777354,bop,3826678919,2000000001,1.1067706312786605,2
mcf,1.0,19740693,9.880824990119175,20957,B1,0.47222649001503236,,0.0,0,0,0.6016119616972776,21.694187478305814,21.694194478305807,0,,0,0,no_prefetch,4235255845,2000000002,1.0,2
mcf,1.1655375436767679,22996006,11.516472488483528,36939,B1,0.5399800824728912,0.9343909755094265,0.04027740149291141,3296452,1332604,0.5782165296935424,20.850202979149795,21.516513478483485,1747571,0.5301369472390315,28,216249,spp,3703840321,2000000002,1.1434768990949704,2
omnetpp,1.5286922170179138,18796332,12.3752565,5954181,B1,0.46899591833954407,0.40369442920777254,0.29336647136516936,15095160,813276,0.3915427259530362,6.8344515,7.2411325,5280556,0.3498178224013525,1494,8999834,bop,4264429437,2000000000,0.9999689255029406,2
omnetpp,1.0,11037487,8.0953225,5153158,B1,0.46901049260471733,,0.0,0,0,0.5156034545925466,8.999931,8.999962,0,,0,0,no_prefetch,4264296922,2000000000,1.0,2
omnetpp,1.4306697478698347,17324768,11.581733,5838698,B1,0.4686336961368331,0.988325304536813,0.03757667697674571,690639,6201,0.4941359376036136,8.6252305,8.6283615,676375,0.9793466630178719,6,8057,spp,4267725553,2000000000,0.9991966139908903,2
xalancbmk,1.8893485552263178,35473293,17.999288991000356,525285,B1,0.34559301251653723,0.36159104287268745,0.24232087225709276,30687696,2241623,0.606879892830339,14.57467699271266,15.695489992152256,8854773,0.28854473141287634,2757,19588543,bop,5787154047,2000000001,1.0135679849361434,2
xalancbmk,1.0,18625739,9.526717,427695,B1,0.3409667803766614,,0.0,0,0,0.7608032323839685,18.27076,18.270762,0,,0,0,no_prefetch,5865674063,2000000000,1.0,2
xalancbmk,1.631254292533304,30588965,15.540497976689252,492031,B1,0.38729410591860863,0.9270153857908259,0.03770226306951654,1989433,466537,0.7318180774328455,17.57464147363804,17.807911473288133,1377698,0.6925078653063461,33,145165,spp,5164034186,2000000003,1.1358704959197787,2
xz,1.1366060345546019,857855,0.647828498704343,437802,B1,1.2405337999811277,0.5939697200439069,0.26157726836281214,505615,100905,0.3223846966929447,0.284867499430265,0.33531999932936,199415,0.3944008781385046,1263,204032,bop,1612209199,2000000004,1.0146317940715335,2
xz,1.0,703248,0.569967498860065,436687,B1,1.2226443200671746,,0.0,0,0,0.43138251249548026,0.381177999237644,0.381177999237644,0,,0,0,no_prefetch,1635798712,2000000004,1.0,2
xz,1.1364253224964582,857843,0.647725498704549,437608,B1,1.2343471780461026,0.9459976613160412,0.012193778234840415,37628,26300,0.4259342880488539,0.376361499247277,0.389511499220977,9296,0.2470500690974806,11,2021,spp,1620289688,2000000004,1.0095717599851812,2
