actual_roi_instructions,bandwidth,baseline_ipc,baseline_run_id,case,dram_read_transactions_proxy,dram_write_transactions_proxy,group,l1d_load_hit,l1d_load_miss,l1d_load_miss_merge,l1d_pf_roi_cohort_created,l1d_pf_roi_cohort_late,l1d_pf_roi_cohort_timely,l1d_pf_roi_cohort_unresolved_end,l1d_pf_roi_cohort_unused,l1d_rfo_hit,l1d_rfo_miss,l1d_rfo_miss_merge,l2_load_hit,l2_load_miss,l2_load_miss_merge,l2_pf_roi_cohort_created,l2_pf_roi_cohort_late,l2_pf_roi_cohort_timely,l2_pf_roi_cohort_unresolved_end,l2_pf_roi_cohort_unused,l2_rfo_hit,l2_rfo_miss,l2_rfo_miss_merge,llc_load_hit,llc_load_miss,llc_load_miss_merge,llc_pf_roi_cohort_created,llc_pf_roi_cohort_late,llc_pf_roi_cohort_timely,llc_pf_roi_cohort_unresolved_end,llc_pf_roi_cohort_unused,llc_rfo_hit,llc_rfo_miss,llc_rfo_miss_merge,prefetch_threshold,prefetcher,result_file,roi,roi_cycles,roi_instructions,roi_ipc,run_id,speedup,suite,warmup
1000000002,normal,0.3874058638619226,A1_cpu2006_GemsFDTD_no_prefetch_normal_tpNA_w200M_r1000000000_rep1,GemsFDTD,13546474,5634331,A1,468358669,16917728,3044334,0,0,0,0,0,0,0,0,9331731,4541950,1990565,11858718,1990530,8480680,154,1387354,5,34,0,887539,1663846,55836,11868927,55836,646377,16741,11149973,4,30,0,0.25,bop,results/raw/final_cpu2017/A1_cpu2006_GemsFDTD_bop_normal_tp0.25_w200M_r1000000000_rep1/attempt_001/result.json,1000000000,1259854947,1000000002,0.79374217197085,A1_cpu2006_GemsFDTD_bop_normal_tp0.25_w200M_r1000000000_rep1,2.0488646301279316,cpu2006,200000000
1000000002,normal,0.3874058638619226,A1_cpu2006_GemsFDTD_no_prefetch_normal_tpNA_w200M_r1000000000_rep1,GemsFDTD,12267292,5634582,A1,464611147,20762280,6890714,0,0,0,0,0,0,0,0,921019,12950834,24,0,0,0,0,0,3,38,0,752873,12197937,0,0,0,0,0,0,5,33,0,NA,no_prefetch,results/raw/final_cpu2017/A1_cpu2006_GemsFDTD_no_prefetch_normal_tpNA_w200M_r1000000000_rep1/attempt_001/result.json,1000000000,2581272240,1000000002,0.3874058638619226,A1_cpu2006_GemsFDTD_no_prefetch_normal_tpNA_w200M_r1000000000_rep1,1.0,cpu2006,200000000
1000000002,normal,0.3874058638619226,A1_cpu2006_GemsFDTD_no_prefetch_normal_tpNA_w200M_r1000000000_rep1,GemsFDTD,13627718,5634458,A1,468519170,16710947,2837507,0,0,0,0,0,0,0,0,7839705,6034022,213092,7378819,213069,6902937,86,262727,4,36,0,4814652,1006278,221839,12773812,221839,4518518,11254,8022201,12,24,0,0.25,spp,results/raw/final_cpu2017/A1_cpu2006_GemsFDTD_spp_normal_tp0.25_w200M_r1000000000_rep1/attempt_001/result.json,1000000000,1088413104,1000000002,0.9187688004902962,A1_cpu2006_GemsFDTD_spp_normal_tp0.25_w200M_r1000000000_rep1,2.371592394940515,cpu2006,200000000
1000000001,normal,0.45483073968423665,A1_cpu2006_bwaves_no_prefetch_normal_tpNA_w200M_r1000000000_rep1,bwaves,18712430,1085187,A1,442949549,28948800,8730506,0,0,0,0,0,0,0,0,11306542,8911839,2681259,12385137,2680529,9702924,7,1677,420586,77208,265,5026755,1203825,83493,17526658,83493,5066135,27242,12349788,48267,28676,0,0.25,bop,results/raw/final_cpu2017/A1_cpu2006_bwaves_bop_normal_tp0.25_w200M_r1000000000_rep1/attempt_001/result.json,1000000000,999049990,1000000001,1.0009509143781683,A1_cpu2006_bwaves_bop_normal_tp0.25_w200M_r1000000000_rep1,2.200710785451907,cpu2006,200000000
1000000000,normal,0.45483073968423665,A1_cpu2006_bwaves_no_prefetch_normal_tpNA_w200M_r1000000000_rep1,bwaves,18711717,1085313,A1,435106386,35552608,15378747,0,0,0,0,0,0,0,0,1887972,18285976,414,0,0,0,0,0,80561,406399,562,16491,18269072,0,0,0,0,0,0,0,405837,0,NA,no_prefetch,results/raw/final_cpu2017/A1_cpu2006_bwaves_no_prefetch_normal_tpNA_w200M_r1000000000_rep1/attempt_001/result.json,1000000000,2198620086,1000000000,0.45483073968423665,A1_cpu2006_bwaves_no_prefetch_normal_tpNA_w200M_r1000000000_rep1,1.0,cpu2006,200000000
1000000000,normal,0.45483073968423665,A1_cpu2006_bwaves_no_prefetch_normal_tpNA_w200M_r1000000000_rep1,bwaves,18715359,1083635,A1,443649599,27958552,7780524,0,0,0,0,0,0,0,0,10302626,9875489,1010211,9415490,1009784,8404440,2,1264,72146,405839,2,7113237,1752041,658295,17178962,658302,7108030,23805,9388825,6,405831,7,0.25,spp,results/raw/final_cpu2017/A1_cpu2006_bwaves_spp_normal_tp0.25_w200M_r1000000000_rep1/attempt_001/result.json,1000000000,1040457150,1000000000,0.961115986371952,A1_cpu2006_bwaves_spp_normal_tp0.25_w200M_r1000000000_rep1,2.113128912613076,cpu2006,200000000
1000000000,normal,0.7195619278200954,A1_cpu2006_cactusADM_no_prefetch_normal_tpNA_w200M_r1000000000_rep1,cactusADM,5166961,1515168,A1,455313350,7436261,288399,0,0,0,0,0,0,0,0,6395101,752761,45121,4002119,79870,3918968,35,3246,1263783,497212,34755,587838,119802,32878,5021900,60983,971720,25351,3963846,387068,75389,28105,0.25,bop,results/raw/final_cpu2017/A1_cpu2006_cactusADM_bop_normal_tp0.25_w200M_r1000000000_rep1/attempt_001/result.json,1000000000,844531632,1000000000,1.1840882710714145,A1_cpu2006_cactusADM_bop_normal_tp0.25_w200M_r1000000000_rep1,1.645568262148883,cpu2006,200000000
1000000000,normal,0.7195619278200954,A1_cpu2006_cactusADM_no_prefetch_normal_tpNA_w200M_r1000000000_rep1,cactusADM,5162957,1515130,A1,455309244,7402523,257234,0,0,0,0,0,0,0,0,3481972,3663317,2,0,0,0,0,0,243276,1505078,2,10443,3652872,0,0,0,0,0,0,5859,1499217,0,NA,no_prefetch,results/raw/final_cpu2017/A1_cpu2006_cactusADM_no_prefetch_normal_tpNA_w200M_r1000000000_rep1/attempt_001/result.json,1000000000,1389734450,1000000000,0.7195619278200954,A1_cpu2006_cactusADM_no_prefetch_normal_tpNA_w200M_r1000000000_rep1,1.0,cpu2006,200000000
1000000002,normal,0.7195619278200954,A1_cpu2006_cactusADM_no_prefetch_normal_tpNA_w200M_r1000000000_rep1,cactusADM,5175049,1514873,A1,455302911,7433203,287241,0,0,0,0,0,0,0,0,5475845,1670117,42514,2036364,42512,1992071,9,1772,237569,1505018,1,1367264,260339,2176,3409043,2177,1367372,14293,2025201,8031,1496986,1,0.25,spp,results/raw/final_cpu2017/A1_cpu2006_cactusADM_spp_normal_tp0.25_w200M_r1000000000_rep1/attempt_001/result.json,1000000000,879571628,1000000002,1.1369170743647496,A1_cpu2006_cactusADM_spp_normal_tp0.25_w200M_r1000000000_rep1,1.5800128250379044,cpu2006,200000000
1000000001,normal,0.20988675848131985,A1_cpu2006_gcc_no_prefetch_normal_tpNA_w200M_r1000000000_rep1,gcc,24317275,9236029,A1,162378518,35598978,19425938,0,0,0,0,0,0,0,0,7193080,9000776,602985,25437652,2091091,17808807,1458,5536296,11670173,5354639,1488106,2299665,6098126,108938,16781375,901104,1660186,15931,14204154,1729874,2136659,792166,0.25,bop,results/raw/final_cpu2017/A1_cpu2006_gcc_bop_normal_tp0.25_w200M_r1000000000_rep1/attempt_001/result.json,1000000000,3166181893,1000000001,0.315837824482183,A1_cpu2006_gcc_bop_normal_tp0.25_w200M_r1000000000_rep1,1.5048010973512316,cpu2006,200000000
1000000001,normal,0.20988675848131985,A1_cpu2006_gcc_no_prefetch_normal_tpNA_w200M_r1000000000_rep1,gcc,19329364,9178966,A1,155141350,42073930,25948724,0,0,0,0,0,0,0,0,1082623,15063402,0,0,0,0,0,0,92278,16979287,0,2427679,12635723,0,0,0,0,0,0,10451522,6527766,0,NA,no_prefetch,results/raw/final_cpu2017/A1_cpu2006_gcc_no_prefetch_normal_tpNA_w200M_r1000000000_rep1/attempt_001/result.json,1000000000,4764473987,1000000001,0.20988675848131985,A1_cpu2006_gcc_no_prefetch_normal_tpNA_w200M_r1000000000_rep1,1.0,cpu2006,200000000
1000000001,normal,0.20988675848131985,A1_cpu2006_gcc_no_prefetch_normal_tpNA_w200M_r1000000000_rep1,gcc,22152689,9000065,A1,160861728,37077937,20893080,0,0,0,0,0,0,0,0,3948715,12256961,97600,2991916,98333,2867099,11,26473,95213,16916616,733,6159626,5999735,572933,10264885,585318,4292967,10193,5376407,10625092,6290792,12385,0.25,spp,results/raw/final_cpu2017/A1_cpu2006_gcc_spp_normal_tp0.25_w200M_r1000000000_rep1/attempt_001/result.json,1000000000,3112707274,1000000001,0.3212637466275282,A1_cpu2006_gcc_spp_normal_tp0.25_w200M_r1000000000_rep1,1.5306527622423642,cpu2006,200000000
1000000000,normal,0.32079689829896746,A1_cpu2006_lbm_no_prefetch_normal_tpNA_w200M_r1000000000_rep1,lbm,29982427,22441481,A1,92098956,41882588,34396039,0,0,0,0,0,0,0,0,2381661,5104896,756911,13231615,3294832,9880969,73,55741,26680859,15503785,2537921,2631845,1716140,501557,23493725,1628963,8862482,4670,12997610,6623674,6342190,1127406,0.25,bop,results/raw/final_cpu2017/A1_cpu2006_lbm_bop_normal_tp0.25_w200M_r1000000000_rep1/attempt_001/result.json,1000000000,2268526160,1000000000,0.44081484165031626,A1_cpu2006_lbm_bop_normal_tp0.25_w200M_r1000000000_rep1,1.3741243883209175,cpu2006,200000000
1000000000,normal,0.32079689829896746,A1_cpu2006_lbm_no_prefetch_normal_tpNA_w200M_r1000000000_rep1,lbm,29981625,22441358,A1,86282802,47570695,40084312,0,0,0,0,0,0,0,0,5291,7481100,0,0,0,0,0,0,19227162,22975315,0,401,7480699,0,0,0,0,0,0,533730,22441585,0,NA,no_prefetch,results/raw/final_cpu2017/A1_cpu2006_lbm_no_prefetch_normal_tpNA_w200M_r1000000000_rep1/attempt_001/result.json,1000000000,3117237122,1000000000,0.32079689829896746,A1_cpu2006_lbm_no_prefetch_normal_tpNA_w200M_r1000000000_rep1,1.0,cpu2006,200000000
1000000002,normal,0.32079689829896746,A1_cpu2006_lbm_no_prefetch_normal_tpNA_w200M_r1000000000_rep1,lbm,29984168,22441371,A1,95316269,38538978,31052376,0,0,0,0,0,0,0,0,2866666,4619944,679693,3541218,679693,2861142,2,381,19226426,22975485,0,3666178,274073,55642,7264821,55642,3665833,3671,3539675,533900,22441585,0,0.25,spp,results/raw/final_cpu2017/A1_cpu2006_lbm_spp_normal_tp0.25_w200M_r1000000000_rep1/attempt_001/result.json,1000000000,2458518072,1000000002,0.4067490954770578,A1_cpu2006_lbm_spp_normal_tp0.25_w200M_r1000000000_rep1,1.2679333797610068,cpu2006,200000000
1000000000,normal,0.21140099863671238,A1_cpu2006_libquantum_no_prefetch_normal_tpNA_w200M_r1000000000_rep1,libquantum,26285449,13765629,A1,236561812,78242148,52008325,0,0,0,0,0,0,0,0,11448012,14785825,12342658,23791083,12342657,11448010,6,410,0,188,0,0,2443167,0,23791083,0,0,3660,23787423,0,188,0,0.25,bop,results/raw/final_cpu2017/A1_cpu2006_libquantum_bop_normal_tp0.25_w200M_r1000000000_rep1/attempt_001/result.json,1000000000,1931401795,1000000000,0.5177586572554677,A1_cpu2006_libquantum_bop_normal_tp0.25_w200M_r1000000000_rep1,2.449177915877416,cpu2006,200000000
1000000000,normal,0.21140099863671238,A1_cpu2006_libquantum_no_prefetch_normal_tpNA_w200M_r1000000000_rep1,libquantum,26285047,13765638,A1,216916960,97887067,71653239,0,0,0,0,0,0,0,0,0,26233843,0,0,0,0,0,0,0,188,0,0,26233843,0,0,0,0,0,0,0,188,0,NA,no_prefetch,results/raw/final_cpu2017/A1_cpu2006_libquantum_no_prefetch_normal_tpNA_w200M_r1000000000_rep1/attempt_001/result.json,1000000000,4730346623,1000000000,0.21140099863671238,A1_cpu2006_libquantum_no_prefetch_normal_tpNA_w200M_r1000000000_rep1,1.0,cpu2006,200000000
1000000001,normal,0.21140099863671238,A1_cpu2006_libquantum_no_prefetch_normal_tpNA_w200M_r1000000000_rep1,libquantum,26286442,13765618,A1,235375290,79428686,53194862,0,0,0,0,0,0,0,0,6179160,20054678,11740111,17919318,11740111,6179160,1,46,0,188,0,5696017,2618550,1478292,25094659,1478292,5696008,2759,17917600,0,188,0,0.25,spp,results/raw/final_cpu2017/A1_cpu2006_libquantum_spp_normal_tp0.25_w200M_r1000000000_rep1/attempt_001/result.json,1000000000,1584259232,1000000001,0.631209830311407,A1_cpu2006_libquantum_spp_normal_tp0.25_w200M_r1000000000_rep1,2.985841289217967,cpu2006,200000000
1000000003,normal,0.0969956324590316,A1_cpu2006_mcf_no_prefetch_normal_tpNA_w200M_r1000000000_rep1,mcf,86008645,15702473,A1,130754273,185024425,82574611,0,0,0,0,0,0,0,0,28176664,74273150,145540,38724502,152828,3345462,0,35226212,3212726,687365,7306,22795986,51331624,2,30251264,0,5257040,3248,24990976,266712,413347,0,0.25,bop,results/raw/final_cpu2017/A1_cpu2006_mcf_bop_normal_tp0.25_w200M_r1000000000_rep1/attempt_001/result.json,1000000000,9768481321,1000000003,0.10237005836825717,A1_cpu2006_mcf_bop_normal_tp0.25_w200M_r1000000000_rep1,1.0554089475265351,cpu2006,200000000
1000000000,normal,0.0969956324590316,A1_cpu2006_mcf_no_prefetch_normal_tpNA_w200M_r1000000000_rep1,mcf,62441649,15596126,A1,130058195,185774672,83325285,0,0,0,0,0,0,0,0,27483742,74965645,0,0,0,0,0,0,2232398,1668105,0,17471999,57493646,3,0,0,0,0,0,512662,1155443,0,NA,no_prefetch,results/raw/final_cpu2017/A1_cpu2006_mcf_no_prefetch_normal_tpNA_w200M_r1000000000_rep1/attempt_001/result.json,1000000000,10309742559,1000000000,0.0969956324590316,A1_cpu2006_mcf_no_prefetch_normal_tpNA_w200M_r1000000000_rep1,1.0,cpu2006,200000000
1000000003,normal,0.0969956324590316,A1_cpu2006_mcf_no_prefetch_normal_tpNA_w200M_r1000000000_rep1,mcf,78569867,15657391,A1,130186612,185616211,83166768,0,0,0,0,0,0,0,0,27477673,74971770,401,60065,401,2947,0,56717,2235291,1665173,0,20338135,54633234,117018,18843269,117060,3565871,1683,15158655,451517,1213656,45,0.25,spp,results/raw/final_cpu2017/A1_cpu2006_mcf_spp_normal_tp0.25_w200M_r1000000000_rep1/attempt_001/result.json,1000000000,10058289024,1000000003,0.09942048797900997,A1_cpu2006_mcf_spp_normal_tp0.25_w200M_r1000000000_rep1,1.024999636153747,cpu2006,200000000
1000000001,normal,0.32353240246968135,A1_cpu2006_milc_no_prefetch_normal_tpNA_w200M_r1000000000_rep1,milc,23100514,8580703,A1,181451550,71954013,56315047,0,0,0,0,0,0,0,0,6502726,9136309,933556,11161413,2203257,8861945,379,95832,2364356,4812984,1269701,451365,7751388,71558,11818219,129914,550943,15671,11121691,102798,3440484,58356,0.25,bop,results/raw/final_cpu2017/A1_cpu2006_milc_bop_normal_tp0.25_w200M_r1000000000_rep1/attempt_001/result.json,1000000000,2046483136,1000000001,0.4886431671040166,A1_cpu2006_milc_bop_normal_tp0.25_w200M_r1000000000_rep1,1.5103376458554503,cpu2006,200000000
1000000002,normal,0.32353240246968135,A1_cpu2006_milc_no_prefetch_normal_tpNA_w200M_r1000000000_rep1,milc,23022473,8580531,A1,165390309,87518091,71879128,0,0,0,0,0,0,0,0,2088,15636944,0,0,0,0,0,0,3100,7174293,0,4699,15632245,0,0,0,0,0,0,4085,7170207,0,NA,no_prefetch,results/raw/final_cpu2017/A1_cpu2006_milc_no_prefetch_normal_tpNA_w200M_r1000000000_rep1/attempt_001/result.json,1000000000,3090880525,1000000002,0.32353240246968135,A1_cpu2006_milc_no_prefetch_normal_tpNA_w200M_r1000000000_rep1,1.0,cpu2006,200000000
1000000002,normal,0.32353240246968135,A1_cpu2006_milc_no_prefetch_normal_tpNA_w200M_r1000000000_rep1,milc,24438758,8580578,A1,179207216,73798732,58159771,0,0,0,0,0,0,0,0,3351891,12287139,1301737,4683593,1301737,3349802,32,32022,3058,7174293,0,4889439,6095962,2106268,13056378,2106277,4888545,15943,6045613,3530,7170762,9,0.25,spp,results/raw/final_cpu2017/A1_cpu2006_milc_spp_normal_tp0.25_w200M_r1000000000_rep1/attempt_001/result.json,1000000000,1694616970,1000000002,0.5901038521997097,A1_cpu2006_milc_spp_normal_tp0.25_w200M_r1000000000_rep1,1.8239405008436802,cpu2006,200000000
1000000002,normal,0.3874058638619226,A1_cpu2006_GemsFDTD_no_prefetch_normal_tpNA_w200M_r1000000000_rep1,GemsFDTD,13093919,5634451,A2,467403426,17833630,3960494,0,0,0,0,0,0,0,0,6230877,7642546,1764199,7364120,1764174,5313888,83,285975,5,35,0,3897671,1980676,856556,11900362,856556,3573138,10310,7460358,7,28,0,0.25,spp_basic,results/raw/final_cpu2017/A2_cpu2006_GemsFDTD_spp_basic_normal_tp0.25_w200M_r1000000000_rep1/attempt_001/result.json,1000000000,1270053365,1000000002,0.7873684914019341,A2_cpu2006_GemsFDTD_spp_basic_normal_tp0.25_w200M_r1000000000_rep1,2.0324124254416662,cpu2006,200000000
1000000002,normal,0.3874058638619226,A1_cpu2006_GemsFDTD_no_prefetch_normal_tpNA_w200M_r1000000000_rep1,GemsFDTD,13602062,5634565,A2,468496771,16730159,2856754,0,0,0,0,0,0,0,0,7735584,6138108,209376,7298532,209360,6806122,80,282970,4,36,0,4898201,1030531,218633,12720716,218631,4584029,11021,7907035,12,24,0,0.25,spp_lookahead,results/raw/final_cpu2017/A2_cpu2006_GemsFDTD_spp_lookahead_normal_tp0.25_w200M_r1000000000_rep1/attempt_001/result.json,1000000000,1094405702,1000000002,0.9137379311643974,A2_cpu2006_GemsFDTD_spp_lookahead_normal_tp0.25_w200M_r1000000000_rep1,2.358606351632477,cpu2006,200000000
1000000001,normal,0.21140099863671238,A1_cpu2006_libquantum_no_prefetch_normal_tpNA_w200M_r1000000000_rep1,libquantum,26285203,13765632,A2,220836925,93967073,67733249,0,0,0,0,0,0,0,0,2235351,23998488,16599116,18834549,16599116,2235350,1,82,0,188,0,1005339,6394033,5364527,25204491,5364528,1005339,2906,18831718,0,188,1,0.25,spp_basic,results/raw/final_cpu2017/A2_cpu2006_libquantum_spp_basic_normal_tp0.25_w200M_r1000000000_rep1/attempt_001/result.json,1000000000,3349526257,1000000001,0.29854968263352233,A2_cpu2006_libquantum_spp_basic_normal_tp0.25_w200M_r1000000000_rep1,1.412243483043204,cpu2006,200000000
1000000001,normal,0.21140099863671238,A1_cpu2006_libquantum_no_prefetch_normal_tpNA_w200M_r1000000000_rep1,libquantum,26286675,13765621,A2,235473289,79330704,53096879,0,0,0,0,0,0,0,0,6204501,20029339,12075170,18279735,12075170,6204500,1,64,0,188,0,5437942,2516227,1376993,25095925,1376998,5437933,2787,18278207,0,188,5,0.25,spp_lookahead,results/raw/final_cpu2017/A2_cpu2006_libquantum_spp_lookahead_normal_tp0.25_w200M_r1000000000_rep1/attempt_001/result.json,1000000000,1581307909,1000000001,0.6323879083311409,A2_cpu2006_libquantum_spp_lookahead_normal_tp0.25_w200M_r1000000000_rep1,2.991414006600246,cpu2006,200000000
1000000003,low,0.36123986021796195,A3_cpu2006_bwaves_no_prefetch_low_tpNA_w200M_r1000000000_rep1,bwaves,18711683,1085309,A3,434403100,36262290,16091875,0,0,0,0,0,0,0,0,1885659,18284844,406,0,0,0,0,0,78438,406462,626,15404,18269034,0,0,0,0,0,0,0,405836,0,NA,no_prefetch,results/raw/final_cpu2017/A3_cpu2006_bwaves_no_prefetch_low_tpNA_w200M_r1000000000_rep1/attempt_001/result.json,1000000000,2768243799,1000000003,0.36123986021796195,A3_cpu2006_bwaves_no_prefetch_low_tpNA_w200M_r1000000000_rep1,1.0,cpu2006,200000000
1000000003,low,0.36123986021796195,A3_cpu2006_bwaves_no_prefetch_low_tpNA_w200M_r1000000000_rep1,bwaves,18716572,1083500,A3,442782829,28705094,8545644,0,0,0,0,0,0,0,0,9833537,10326000,1463677,9416243,1463312,7951862,2,1067,63800,405838,5,6852788,2009535,891985,17156384,891991,6848520,23558,9392315,10,405823,6,0.15,spp,results/raw/final_cpu2017/A3_cpu2006_bwaves_spp_low_tp0.15_w200M_r1000000000_rep1/attempt_001/result.json,1000000000,1716632961,1000000003,0.5825357113133051,A3_cpu2006_bwaves_spp_low_tp0.15_w200M_r1000000000_rep1,1.6126008657013085,cpu2006,200000000
1000000002,low,0.36123986021796195,A3_cpu2006_bwaves_no_prefetch_low_tpNA_w200M_r1000000000_rep1,bwaves,18715556,1083623,A3,442800345,28731379,8570362,0,0,0,0,0,0,0,0,9953226,10207878,1399546,9471553,1399116,8071156,2,1279,64191,405834,1,6831544,1976788,864900,17161001,864901,6826523,23810,9445767,11,405822,1,0.25,spp,results/raw/final_cpu2017/A3_cpu2006_bwaves_spp_low_tp0.25_w200M_r1000000000_rep1/attempt_001/result.json,1000000000,1710090297,1000000002,0.584764444166658,A3_cpu2006_bwaves_spp_low_tp0.25_w200M_r1000000000_rep1,1.618770541583721,cpu2006,200000000
1000000000,low,0.36123986021796195,A3_cpu2006_bwaves_no_prefetch_low_tpNA_w200M_r1000000000_rep1,bwaves,18714343,1083809,A3,442276286,29251935,9090313,0,0,0,0,0,0,0,0,9976376,10185333,1575334,9671070,1574931,8094890,2,1247,64069,405837,3,6639984,1970015,989274,17290952,989275,6634190,23797,9643690,4,405830,1,0.40,spp,results/raw/final_cpu2017/A3_cpu2006_bwaves_spp_low_tp0.40_w200M_r1000000000_rep1/attempt_001/result.json,1000000000,1693601303,1000000000,0.5904577412810363,A3_cpu2006_bwaves_spp_low_tp0.40_w200M_r1000000000_rep1,1.6345309759691824,cpu2006,200000000
1000000001,normal,0.45483073968423665,A1_cpu2006_bwaves_no_prefetch_normal_tpNA_w200M_r1000000000_rep1,bwaves,18716368,1083453,A3,443713292,27937257,7760179,0,0,0,0,0,0,0,0,10174305,10002860,1066129,9342620,1065776,8275796,1,1047,71395,405838,1,7090788,1845943,673452,17101220,673459,7086213,23645,9317903,5,405832,7,0.15,spp,results/raw/final_cpu2017/A3_cpu2006_bwaves_spp_normal_tp0.15_w200M_r1000000000_rep1/attempt_001/result.json,1000000000,1044420707,1000000001,0.9574685701822264,A3_cpu2006_bwaves_spp_normal_tp0.15_w200M_r1000000000_rep1,2.1051096301163437,cpu2006,200000000
1000000000,normal,0.45483073968423665,A1_cpu2006_bwaves_no_prefetch_normal_tpNA_w200M_r1000000000_rep1,bwaves,18714211,1083822,A3,443568680,28041835,7864302,0,0,0,0,0,0,0,0,10455132,9722488,1037076,9596729,1036586,8558838,2,1303,72421,405836,1,6975816,1709596,720722,17282687,720727,6969652,23822,9568486,4,405831,5,0.40,spp,results/raw/final_cpu2017/A3_cpu2006_bwaves_spp_normal_tp0.40_w200M_r1000000000_rep1/attempt_001/result.json,1000000000,1038025913,1000000000,0.9633670869640419,A3_cpu2006_bwaves_spp_normal_tp0.40_w200M_r1000000000_rep1,2.1180782275904515,cpu2006,200000000
1000000002,low,0.0805014570411904,A3_cpu2006_mcf_no_prefetch_low_tpNA_w200M_r1000000000_rep1,mcf,62399511,15595076,A3,130110717,185696926,83248008,0,0,0,0,0,0,0,0,27517590,74931328,0,0,0,0,0,0,2243025,1657510,0,17472008,57459320,1,0,0,0,0,0,504762,1152748,0,NA,no_prefetch,results/raw/final_cpu2017/A3_cpu2006_mcf_no_prefetch_low_tpNA_w200M_r1000000000_rep1/attempt_001/result.json,1000000000,12422135434,1000000002,0.0805014570411904,A3_cpu2006_mcf_no_prefetch_low_tpNA_w200M_r1000000000_rep1,1.0,cpu2006,200000000
1000000002,low,0.0805014570411904,A3_cpu2006_mcf_no_prefetch_low_tpNA_w200M_r1000000000_rep1,mcf,81539658,15678216,A3,130428383,185342872,82893978,0,0,0,0,0,0,0,0,27493122,74955772,644,61316,644,2853,2,57817,2245872,1654628,0,21339162,53615967,259526,22964749,259810,4894280,2553,17808106,467553,1187075,286,0.15,spp,results/raw/final_cpu2017/A3_cpu2006_mcf_spp_low_tp0.15_w200M_r1000000000_rep1/attempt_001/result.json,1000000000,12542589704,1000000002,0.07972835160836733,A3_cpu2006_mcf_spp_low_tp0.15_w200M_r1000000000_rep1,0.9903963796279179,cpu2006,200000000
1000000003,low,0.0805014570411904,A3_cpu2006_mcf_no_prefetch_low_tpNA_w200M_r1000000000_rep1,mcf,78536513,15656969,A3,130269905,185510612,83061495,0,0,0,0,0,0,0,0,27499778,74949339,553,58418,553,2705,0,55160,2244724,1655702,0,20241875,54706911,218381,18848875,218449,3487194,1470,15141762,445154,1210548,70,0.25,spp,results/raw/final_cpu2017/A3_cpu2006_mcf_spp_low_tp0.25_w200M_r1000000000_rep1/attempt_001/result.json,1000000000,12564688793,1000000003,0.07958812346845526,A3_cpu2006_mcf_spp_low_tp0.25_w200M_r1000000000_rep1,0.9886544466857561,cpu2006,200000000
1000000000,low,0.0805014570411904,A3_cpu2006_mcf_no_prefetch_low_tpNA_w200M_r1000000000_rep1,mcf,74273117,15635244,A3,130147604,185646290,83197368,0,0,0,0,0,0,0,0,27509060,74939862,552,55848,552,2611,0,52685,2243648,1656795,0,19012107,55927204,139603,13334607,139618,1976069,455,11218465,448185,1208610,17,0.40,spp,results/raw/final_cpu2017/A3_cpu2006_mcf_spp_low_tp0.40_w200M_r1000000000_rep1/attempt_001/result.json,1000000000,12590803212,1000000000,0.07942305055224144,A3_cpu2006_mcf_spp_low_tp0.40_w200M_r1000000000_rep1,0.9866038885681638,cpu2006,200000000
1000000002,normal,0.0969956324590316,A1_cpu2006_mcf_no_prefetch_normal_tpNA_w200M_r1000000000_rep1,mcf,81581023,15677592,A3,130325207,185469892,83020267,0,0,0,0,0,0,0,0,27463858,74985767,426,60476,426,2906,0,57144,2237055,1663254,0,21447157,53538184,146374,22966878,146551,4970556,2676,17847095,473494,1189760,178,0.15,spp,results/raw/final_cpu2017/A3_cpu2006_mcf_spp_normal_tp0.15_w200M_r1000000000_rep1/attempt_001/result.json,1000000000,9966991141,1000000002,0.10033118198394113,A3_cpu2006_mcf_spp_normal_tp0.15_w200M_r1000000000_rep1,1.034388656894612,cpu2006,200000000
1000000003,normal,0.0969956324590316,A1_cpu2006_mcf_no_prefetch_normal_tpNA_w200M_r1000000000_rep1,mcf,74261614,15635631,A3,130074666,185741670,83292421,0,0,0,0,0,0,0,0,27484110,74965139,377,57719,377,2915,0,54427,2234485,1666117,0,19078046,55886716,69651,13291943,69657,2018387,595,11203304,454980,1211137,8,0.40,spp,results/raw/final_cpu2017/A3_cpu2006_mcf_spp_normal_tp0.40_w200M_r1000000000_rep1/attempt_001/result.json,1000000000,10184074325,1000000003,0.09819252796939892,A3_cpu2006_mcf_spp_normal_tp0.40_w200M_r1000000000_rep1,1.01233968458191,cpu2006,200000000
500000002,normal,0.4868646327714951,A4_cpu2006_bwaves_no_prefetch_normal_tpNA_w200M_r500000000_rep1,bwaves,9282481,390647,A4,233464023,13376810,3256255,0,0,0,0,0,0,0,0,5644792,4475817,1215940,5970604,1215527,4754363,56,658,246570,41908,85,2663695,596182,45378,8697961,45378,2685638,19934,5947011,26404,15419,0,0.25,bop,results/raw/final_cpu2017/A4_cpu2006_bwaves_bop_normal_tp0.25_w200M_r500000000_rep1/attempt_001/result.json,500000000,481964824,500000002,1.03742011263461,A4_cpu2006_bwaves_bop_normal_tp0.25_w200M_r500000000_rep1,2.1308183893519996,cpu2006,200000000
500000002,normal,0.4868646327714951,A4_cpu2006_bwaves_no_prefetch_normal_tpNA_w200M_r500000000_rep1,bwaves,9282163,390690,A4,229824359,16369931,6280891,0,0,0,0,0,0,0,0,1037066,9052028,256,0,0,0,0,0,59901,220377,150,8126,9043647,0,0,0,0,0,0,0,220227,0,NA,no_prefetch,results/raw/final_cpu2017/A4_cpu2006_bwaves_no_prefetch_normal_tpNA_w200M_r500000000_rep1/attempt_001/result.json,500000000,1026979510,500000002,0.4868646327714951,A4_cpu2006_bwaves_no_prefetch_normal_tpNA_w200M_r500000000_rep1,1.0,cpu2006,200000000
500000002,normal,0.4868646327714951,A4_cpu2006_bwaves_no_prefetch_normal_tpNA_w200M_r500000000_rep1,bwaves,9284031,389788,A4,233709326,12967442,2878582,0,0,0,0,0,0,0,0,4999326,5089588,510149,4469783,509864,3959350,7,562,53033,220229,2,3677586,901853,354257,8497926,354257,3674999,15209,4453461,1,220226,0,0.25,spp,results/raw/final_cpu2017/A4_cpu2006_bwaves_spp_normal_tp0.25_w200M_r500000000_rep1/attempt_001/result.json,500000000,521777030,500000002,0.958263728090905,A4_cpu2006_bwaves_spp_normal_tp0.25_w200M_r500000000_rep1,1.968234419978204,cpu2006,200000000
500000001,normal,0.09568561964973346,A4_cpu2006_mcf_no_prefetch_normal_tpNA_w200M_r500000000_rep1,mcf,42858970,7956575,A4,65455136,91808811,41025776,0,0,0,0,0,0,0,0,13674691,37108344,77817,19255039,81735,1679529,1152,17492623,1628961,343959,3924,11284008,25746519,0,14948342,0,2710982,7094,12230266,134729,205306,0,0.25,bop,results/raw/final_cpu2017/A4_cpu2006_mcf_bop_normal_tp0.25_w200M_r500000000_rep1/attempt_001/result.json,500000000,4927539710,500000001,0.10147051681497256,A4_cpu2006_mcf_bop_normal_tp0.25_w200M_r500000000_rep1,1.060457330855099,cpu2006,200000000
500000002,normal,0.09568561964973346,A4_cpu2006_mcf_no_prefetch_normal_tpNA_w200M_r500000000_rep1,mcf,31345341,7901939,A4,65106470,92186046,41403313,0,0,0,0,0,0,0,0,13260734,37521999,0,0,0,0,0,0,1136097,837150,0,8592295,28929704,1,0,0,0,0,0,271743,565407,0,NA,no_prefetch,results/raw/final_cpu2017/A4_cpu2006_mcf_no_prefetch_normal_tpNA_w200M_r500000000_rep1/attempt_001/result.json,500000000,5225445619,500000002,0.09568561964973346,A4_cpu2006_mcf_no_prefetch_normal_tpNA_w200M_r500000000_rep1,1.0,cpu2006,200000000
500000001,normal,0.09568561964973346,A4_cpu2006_mcf_no_prefetch_normal_tpNA_w200M_r500000000_rep1,mcf,39243153,7931997,A4,65165300,92112604,41329814,0,0,0,0,0,0,0,0,13259941,37522849,187,28654,187,1562,3,26902,1137930,835180,0,10063609,27459053,61457,9297376,61475,1815800,2306,7417795,237726,597454,20,0.25,spp,results/raw/final_cpu2017/A4_cpu2006_mcf_spp_normal_tp0.25_w200M_r500000000_rep1/attempt_001/result.json,500000000,5084004269,500000001,0.09834767528595087,A4_cpu2006_mcf_spp_normal_tp0.25_w200M_r500000000_rep1,1.0278208538123297,cpu2006,200000000
1000000001,normal,0.3414126272243127,B1_cpu2017_self_bwaves_w1_no_prefetch_normal_tpNA_w200M_r1000000000_rep1,bwaves_w1,24856312,3380308,B1,420168108,34583605,9086289,0,0,0,0,0,0,0,0,13900139,11598675,2707101,15605984,3425805,12176011,38,4130,1872518,1549858,719448,6958865,1932709,478266,23191189,725112,7331328,17502,15117247,419902,410508,246846,0.25,bop,results/raw/cpu2017_delivery_20261005/primary/B1_cpu2017_self_bwaves_w1_bop_normal_tp0.25_w200M_r1000000000_rep1/attempt_001/result.json,1000000000,1232395309,1000000001,0.8114279514837069,B1_cpu2017_self_bwaves_w1_bop_normal_tp0.25_w200M_r1000000000_rep1,2.3766782092408896,cpu2017_self,200000000
1000000002,normal,0.3414126272243127,B1_cpu2017_self_bwaves_w1_no_prefetch_normal_tpNA_w200M_r1000000000_rep1,bwaves_w1,24853870,3380306,B1,414178530,40095484,14706542,0,0,0,0,0,0,0,0,2956371,22434069,424,0,0,0,0,0,437628,2889737,1,516543,21917102,0,0,0,0,0,0,17,2889719,0,NA,no_prefetch,results/raw/cpu2017_delivery_20261005/primary/B1_cpu2017_self_bwaves_w1_no_prefetch_normal_tpNA_w200M_r1000000000_rep1/attempt_001/result.json,1000000000,2929007079,1000000002,0.3414126272243127,B1_cpu2017_self_bwaves_w1_no_prefetch_normal_tpNA_w200M_r1000000000_rep1,1.0,cpu2017_self,200000000
1000000002,normal,0.3414126272243127,B1_cpu2017_self_bwaves_w1_no_prefetch_normal_tpNA_w200M_r1000000000_rep1,bwaves_w1,24862098,3379275,B1,420874400,33828259,8574736,0,0,0,0,0,0,0,0,12822493,12432528,1308002,11304367,1307919,9994623,7,1818,186701,2889731,1,9041571,2082955,578269,20420647,578269,8889738,14908,10937732,67,2889663,0,0.25,spp,results/raw/cpu2017_delivery_20261005/primary/B1_cpu2017_self_bwaves_w1_spp_normal_tp0.25_w200M_r1000000000_rep1/attempt_001/result.json,1000000000,1292103411,1000000002,0.7739318644984213,B1_cpu2017_self_bwaves_w1_spp_normal_tp0.25_w200M_r1000000000_rep1,2.266851905245841,cpu2017_self,200000000
1000000002,normal,0.41405083502994044,B1_cpu2017_self_bwaves_w2_no_prefetch_normal_tpNA_w200M_r1000000000_rep1,bwaves_w2,22723934,3953767,B1,339598946,38656153,17778672,0,0,0,0,0,0,0,0,9985401,10892883,2725996,13403282,3456274,9942476,30,4502,1098261,1866555,730386,6148482,2018405,423435,20798343,838656,6574306,3329,13382052,434438,701731,415221,0.25,bop,results/raw/cpu2017_delivery_20261005/primary/B1_cpu2017_self_bwaves_w2_bop_normal_tp0.25_w200M_r1000000000_rep1/attempt_001/result.json,1000000000,1163723229,1000000002,0.8593108542306154,B1_cpu2017_self_bwaves_w2_bop_normal_tp0.25_w200M_r1000000000_rep1,2.0753752475066927,cpu2017_self,200000000
1000000001,normal,0.41405083502994044,B1_cpu2017_self_bwaves_w2_no_prefetch_normal_tpNA_w200M_r1000000000_rep1,bwaves_w2,22721216,3953769,B1,329027065,48467493,27605973,0,0,0,0,0,0,0,0,1030453,19831870,99,0,0,0,0,0,90382,2870174,28,24830,19806941,0,0,0,0,0,0,9,2870137,0,NA,no_prefetch,results/raw/cpu2017_delivery_20261005/primary/B1_cpu2017_self_bwaves_w2_no_prefetch_normal_tpNA_w200M_r1000000000_rep1/attempt_001/result.json,1000000000,2415162382,1000000001,0.41405083502994044,B1_cpu2017_self_bwaves_w2_no_prefetch_normal_tpNA_w200M_r1000000000_rep1,1.0,cpu2017_self,200000000
1000000002,normal,0.41405083502994044,B1_cpu2017_self_bwaves_w2_no_prefetch_normal_tpNA_w200M_r1000000000_rep1,bwaves_w2,22725071,3953390,B1,340627654,37367550,16500275,0,0,0,0,0,0,0,0,9317226,11550852,1632957,9912212,1632834,8278584,1,793,89478,2870145,4,7755382,2162513,675231,18323450,675235,7747402,2041,9898772,39,2870102,4,0.25,spp,results/raw/cpu2017_delivery_20261005/primary/B1_cpu2017_self_bwaves_w2_spp_normal_tp0.25_w200M_r1000000000_rep1/attempt_001/result.json,1000000000,1209696748,1000000002,0.8266534597644467,B1_cpu2017_self_bwaves_w2_spp_normal_tp0.25_w200M_r1000000000_rep1,1.9965023369767398,cpu2017_self,200000000
1000000002,normal,1.133050178882166,B1_cpu2017_self_cactubssn_w1_no_prefetch_normal_tpNA_w200M_r1000000000_rep1,cactubssn_w1,5449997,2562293,B1,228220362,34886231,2702173,0,0,0,0,0,0,0,0,30872622,1313182,664,2952001,191459,2602062,37,158443,14200284,2054117,190915,1085714,226804,40,4336112,97555,1486341,14306,2737910,887565,975637,97527,0.25,bop,results/raw/cpu2017_delivery_20261005/primary/B1_cpu2017_self_cactubssn_w1_bop_normal_tp0.25_w200M_r1000000000_rep1/attempt_001/result.json,1000000000,618367018,1000000002,1.6171625796510383,B1_cpu2017_self_cactubssn_w1_bop_normal_tp0.25_w200M_r1000000000_rep1,1.4272647494274995,cpu2017_self,200000000
1000000002,normal,1.133050178882166,B1_cpu2017_self_cactubssn_w1_no_prefetch_normal_tpNA_w200M_r1000000000_rep1,cactubssn_w1,5446884,2562321,B1,228281382,34809027,2679331,0,0,0,0,0,0,0,0,29017708,3113734,16,0,0,0,0,0,13586087,2794985,59,212242,2901476,9,0,0,0,0,0,258521,2536405,15,NA,no_prefetch,results/raw/cpu2017_delivery_20261005/primary/B1_cpu2017_self_cactubssn_w1_no_prefetch_normal_tpNA_w200M_r1000000000_rep1/attempt_001/result.json,1000000000,882573447,1000000002,1.133050178882166,B1_cpu2017_self_cactubssn_w1_no_prefetch_normal_tpNA_w200M_r1000000000_rep1,1.0,cpu2017_self,200000000
1000000002,normal,1.133050178882166,B1_cpu2017_self_cactubssn_w1_no_prefetch_normal_tpNA_w200M_r1000000000_rep1,cactubssn_w1,5473859,2562079,B1,228295495,34823571,2689294,0,0,0,0,0,0,0,0,30304668,1831355,952,1288639,935,1284419,57,3228,13519400,2796695,38,1699981,130422,13503,2811538,13491,1508165,15936,1273946,260267,2536390,12,0.25,spp,results/raw/cpu2017_delivery_20261005/primary/B1_cpu2017_self_cactubssn_w1_spp_normal_tp0.25_w200M_r1000000000_rep1/attempt_001/result.json,1000000000,666728375,1000000002,1.4998611721002575,B1_cpu2017_self_cactubssn_w1_spp_normal_tp0.25_w200M_r1000000000_rep1,1.3237376420345093,cpu2017_self,200000000
1000000000,normal,0.5837348345193817,B1_cpu2017_self_cactubssn_w2_no_prefetch_normal_tpNA_w200M_r1000000000_rep1,cactubssn_w2,12517346,4453213,B1,200266586,97667230,16324407,0,0,0,0,0,0,0,0,76611956,4733750,1051336,8122982,2274605,5634201,2,214174,13250043,2520617,1223313,2979191,703223,39762,11108257,46919,3104500,3972,7952866,572181,725123,7176,0.25,bop,results/raw/cpu2017_delivery_20261005/primary/B1_cpu2017_self_cactubssn_w2_bop_normal_tp0.25_w200M_r1000000000_rep1/attempt_001/result.json,1000000000,1041556061,1000000000,0.9601019450070677,B1_cpu2017_self_cactubssn_w2_bop_normal_tp0.25_w200M_r1000000000_rep1,1.6447569825048527,cpu2017_self,200000000
1000000000,normal,0.5837348345193817,B1_cpu2017_self_cactubssn_w2_no_prefetch_normal_tpNA_w200M_r1000000000_rep1,cactubssn_w2,12358028,4452198,B1,196168662,101680643,20475251,0,0,0,0,0,0,0,0,71457747,9750528,0,0,0,0,0,0,12886847,3067863,1,282396,9468132,10,0,0,0,0,0,205192,2862670,14,NA,no_prefetch,results/raw/cpu2017_delivery_20261005/primary/B1_cpu2017_self_cactubssn_w2_no_prefetch_normal_tpNA_w200M_r1000000000_rep1/attempt_001/result.json,1000000000,1713106604,1000000000,0.5837348345193817,B1_cpu2017_self_cactubssn_w2_no_prefetch_normal_tpNA_w200M_r1000000000_rep1,1.0,cpu2017_self,200000000
1000000000,normal,0.5837348345193817,B1_cpu2017_self_cactubssn_w2_no_prefetch_normal_tpNA_w200M_r1000000000_rep1,cactubssn_w2,12578138,4453023,B1,201481381,96457965,15207905,0,0,0,0,0,0,0,0,75914530,5338413,455288,4948849,455257,4400799,0,92793,12480231,3052726,8,4245626,637499,220886,9272986,220911,4032379,0,5019696,192243,2860475,44,0.25,spp,results/raw/cpu2017_delivery_20261005/primary/B1_cpu2017_self_cactubssn_w2_spp_normal_tp0.25_w200M_r1000000000_rep1/attempt_001/result.json,1000000000,1056916501,1000000000,0.9461485359097445,B1_cpu2017_self_cactubssn_w2_spp_normal_tp0.25_w200M_r1000000000_rep1,1.6208533052319145,cpu2017_self,200000000
1000000000,normal,1.6546977414931245,B1_cpu2017_self_fotonik3d_w1_no_prefetch_normal_tpNA_w200M_r1000000000_rep1,fotonik3d_w1,37254,12658,B1,187741126,24464,14910,0,0,0,0,0,0,0,0,9501,53,0,33708,0,32782,97,829,37901,5480,0,52,1,0,31699,0,0,2981,28718,26,5454,0,0.25,bop,results/raw/cpu2017_delivery_20261005/primary/B1_cpu2017_self_fotonik3d_w1_bop_normal_tp0.25_w200M_r1000000000_rep1/attempt_001/result.json,1000000000,604339968,1000000000,1.6546977743494204,B1_cpu2017_self_fotonik3d_w1_bop_normal_tp0.25_w200M_r1000000000_rep1,1.0000000198563732,cpu2017_self,200000000
1000000000,normal,1.6546977414931245,B1_cpu2017_self_fotonik3d_w1_no_prefetch_normal_tpNA_w200M_r1000000000_rep1,fotonik3d_w1,37251,12648,B1,187741128,24464,14910,0,0,0,0,0,0,0,0,9498,56,0,0,0,0,0,0,5329,38054,0,55,1,0,0,0,0,0,0,902,37152,0,NA,no_prefetch,results/raw/cpu2017_delivery_20261005/primary/B1_cpu2017_self_fotonik3d_w1_no_prefetch_normal_tpNA_w200M_r1000000000_rep1/attempt_001/result.json,1000000000,604339980,1000000000,1.6546977414931245,B1_cpu2017_self_fotonik3d_w1_no_prefetch_normal_tpNA_w200M_r1000000000_rep1,1.0,cpu2017_self,200000000
1000000000,normal,1.6546977414931245,B1_cpu2017_self_fotonik3d_w1_no_prefetch_normal_tpNA_w200M_r1000000000_rep1,fotonik3d_w1,37253,12652,B1,187741126,24464,14910,0,0,0,0,0,0,0,0,9520,34,0,22,0,5,2,15,5322,38061,0,33,1,0,2,0,1,1,0,909,37152,0,0.25,spp,results/raw/cpu2017_delivery_20261005/primary/B1_cpu2017_self_fotonik3d_w1_spp_normal_tp0.25_w200M_r1000000000_rep1/attempt_001/result.json,1000000000,604339758,1000000000,1.6546983493348124,B1_cpu2017_self_fotonik3d_w1_spp_normal_tp0.25_w200M_r1000000000_rep1,1.0000003673430335,cpu2017_self,200000000
1000000003,normal,1.6296128125686586,B1_cpu2017_self_fotonik3d_w2_no_prefetch_normal_tpNA_w200M_r1000000000_rep1,fotonik3d_w2,37209,12781,B1,188621750,23225,14168,0,0,0,0,0,0,0,0,9001,56,0,33654,0,32767,84,803,37797,5455,0,54,2,0,31654,0,0,3008,28646,19,5436,0,0.25,bop,results/raw/cpu2017_delivery_20261005/primary/B1_cpu2017_self_fotonik3d_w2_bop_normal_tp0.25_w200M_r1000000000_rep1/attempt_001/result.json,1000000000,613642603,1000000003,1.6296130648542992,B1_cpu2017_self_fotonik3d_w2_bop_normal_tp0.25_w200M_r1000000000_rep1,1.0000001548132407,cpu2017_self,200000000
1000000003,normal,1.6296128125686586,B1_cpu2017_self_fotonik3d_w2_no_prefetch_normal_tpNA_w200M_r1000000000_rep1,fotonik3d_w2,37209,12770,B1,188621756,23225,14168,0,0,0,0,0,0,0,0,8986,71,0,0,0,0,0,0,5210,38043,0,68,3,0,0,0,0,0,0,951,37092,0,NA,no_prefetch,results/raw/cpu2017_delivery_20261005/primary/B1_cpu2017_self_fotonik3d_w2_no_prefetch_normal_tpNA_w200M_r1000000000_rep1/attempt_001/result.json,1000000000,613642698,1000000003,1.6296128125686586,B1_cpu2017_self_fotonik3d_w2_no_prefetch_normal_tpNA_w200M_r1000000000_rep1,1.0,cpu2017_self,200000000
1000000003,normal,1.6296128125686586,B1_cpu2017_self_fotonik3d_w2_no_prefetch_normal_tpNA_w200M_r1000000000_rep1,fotonik3d_w2,37213,12779,B1,188621753,23225,14168,0,0,0,0,0,0,0,0,9004,53,0,19,0,3,3,13,5196,38058,0,52,1,0,6,0,1,5,0,966,37092,0,0.25,spp,results/raw/cpu2017_delivery_20261005/primary/B1_cpu2017_self_fotonik3d_w2_spp_normal_tp0.25_w200M_r1000000000_rep1/attempt_001/result.json,1000000000,613642337,1000000003,1.6296137712545085,B1_cpu2017_self_fotonik3d_w2_spp_normal_tp0.25_w200M_r1000000000_rep1,1.0000005882905696,cpu2017_self,200000000
1000000003,normal,0.4456502295217218,B1_cpu2017_self_lbm_w1_no_prefetch_normal_tpNA_w200M_r1000000000_rep1,lbm_w1,21952167,16431153,B1,105959967,24006403,18524481,0,0,0,0,0,0,0,0,1736545,3745381,550263,9484720,2272216,7171563,13,40928,19402196,11409452,1721974,1946425,1248693,364384,17258853,1221663,6719457,4772,9312961,5064670,4622808,857279,0.25,bop,results/raw/cpu2017_delivery_20261005/primary/B1_cpu2017_self_lbm_w1_bop_normal_tp0.25_w200M_r1000000000_rep1/attempt_001/result.json,1000000000,1657413714,1000000003,0.6033496613145558,B1_cpu2017_self_lbm_w1_bop_normal_tp0.25_w200M_r1000000000_rep1,1.3538636835485967,cpu2017_self,200000000
1000000003,normal,0.4456502295217218,B1_cpu2017_self_lbm_w1_no_prefetch_normal_tpNA_w200M_r1000000000_rep1,lbm_w1,21950667,16431120,B1,95680409,33987957,28506027,0,0,0,0,0,0,0,0,4478,5477456,8,0,0,0,0,0,13995738,16825745,1,367,5477081,0,0,0,0,0,0,395659,16430085,0,NA,no_prefetch,results/raw/cpu2017_delivery_20261005/primary/B1_cpu2017_self_lbm_w1_no_prefetch_normal_tpNA_w200M_r1000000000_rep1/attempt_001/result.json,1000000000,2243912236,1000000003,0.4456502295217218,B1_cpu2017_self_lbm_w1_no_prefetch_normal_tpNA_w200M_r1000000000_rep1,1.0,cpu2017_self,200000000
1000000003,normal,0.4456502295217218,B1_cpu2017_self_lbm_w1_no_prefetch_normal_tpNA_w200M_r1000000000_rep1,lbm_w1,21952045,16431091,B1,109440102,19931706,14449703,0,0,0,0,0,0,0,0,2330223,3151784,304665,2630329,304650,2325635,0,44,13994006,16826018,1,2481097,366022,176723,5289159,176723,2480773,2838,2628825,395932,16430085,0,0.25,spp,results/raw/cpu2017_delivery_20261005/primary/B1_cpu2017_self_lbm_w1_spp_normal_tp0.25_w200M_r1000000000_rep1/attempt_001/result.json,1000000000,1807038946,1000000003,0.5533915055973564,B1_cpu2017_self_lbm_w1_spp_normal_tp0.25_w200M_r1000000000_rep1,1.2417619669830846,cpu2017_self,200000000
1000000000,normal,0.4397343244291854,B1_cpu2017_self_lbm_w2_no_prefetch_normal_tpNA_w200M_r1000000000_rep1,lbm_w2,22238339,16645549,B1,105346204,25042595,19487513,0,0,0,0,0,0,0,0,1695855,3859231,583902,9758335,2478032,7243383,12,36908,19699455,11505308,1894134,2011712,1263617,401523,17702912,1315396,6796206,4881,9586429,5067930,4543243,913873,0.25,bop,results/raw/cpu2017_delivery_20261005/primary/B1_cpu2017_self_lbm_w2_bop_normal_tp0.25_w200M_r1000000000_rep1/attempt_001/result.json,1000000000,1679900473,1000000000,0.5952733605784275,B1_cpu2017_self_lbm_w2_bop_normal_tp0.25_w200M_r1000000000_rep1,1.3537113832338326,cpu2017_self,200000000
1000000000,normal,0.4397343244291854,B1_cpu2017_self_lbm_w2_no_prefetch_normal_tpNA_w200M_r1000000000_rep1,lbm_w2,22236791,16645540,B1,95052533,35086429,29531426,0,0,0,0,0,0,0,0,5995,5549012,0,0,0,0,0,0,14173888,17039359,1,504,5548508,0,0,0,0,0,0,395049,16644309,0,NA,no_prefetch,results/raw/cpu2017_delivery_20261005/primary/B1_cpu2017_self_lbm_w2_no_prefetch_normal_tpNA_w200M_r1000000000_rep1/attempt_001/result.json,1000000000,2274100393,1000000000,0.4397343244291854,B1_cpu2017_self_lbm_w2_no_prefetch_normal_tpNA_w200M_r1000000000_rep1,1.0,cpu2017_self,200000000
1000000002,normal,0.4397343244291854,B1_cpu2017_self_lbm_w2_no_prefetch_normal_tpNA_w200M_r1000000000_rep1,lbm_w2,22238038,16645536,B1,108250376,21544170,15989039,0,0,0,0,0,0,0,0,2137113,3418022,372632,2503619,372632,2130921,0,66,14172406,17039349,6,2651953,393437,199514,5355839,199514,2651507,3972,2500846,395035,16644308,0,0.25,spp,results/raw/cpu2017_delivery_20261005/primary/B1_cpu2017_self_lbm_w2_spp_normal_tp0.25_w200M_r1000000000_rep1/attempt_001/result.json,1000000000,1832770711,1000000002,0.5456219897001617,B1_cpu2017_self_lbm_w2_spp_normal_tp0.25_w200M_r1000000000_rep1,1.2407991812065797,cpu2017_self,200000000
1000000000,normal,0.38748944239484184,B1_cpu2017_self_mcf_w1_no_prefetch_normal_tpNA_w200M_r1000000000_rep1,mcf_w1,21547863,19480,B1,232676669,59003065,21751576,0,0,0,0,0,0,0,0,17972130,19279359,620734,22625956,620737,9411177,1243,12592799,2217304,1459738,3,12890385,5768240,14072,15770652,14072,2830624,16053,12909903,1453140,6595,0,0.25,bop,results/raw/cpu2017_delivery_20261005/primary/B1_cpu2017_self_mcf_w1_bop_normal_tp0.25_w200M_r1000000000_rep1/attempt_001/result.json,1000000000,2251374752,1000000000,0.44417305431343845,B1_cpu2017_self_mcf_w1_bop_normal_tp0.25_w200M_r1000000000_rep1,1.146284274400533,cpu2017_self,200000000
1000000000,normal,0.38748944239484184,B1_cpu2017_self_mcf_w1_no_prefetch_normal_tpNA_w200M_r1000000000_rep1,mcf_w1,14418826,15529,B1,228583637,63106354,25854403,0,0,0,0,0,0,0,0,9515530,27736421,0,0,0,0,0,0,2323341,1353870,0,13342122,14394299,0,0,0,0,0,0,1348471,5399,0,NA,no_prefetch,results/raw/cpu2017_delivery_20261005/primary/B1_cpu2017_self_mcf_w1_no_prefetch_normal_tpNA_w200M_r1000000000_rep1/attempt_001/result.json,1000000000,2580715474,1000000000,0.38748944239484184,B1_cpu2017_self_mcf_w1_no_prefetch_normal_tpNA_w200M_r1000000000_rep1,1.0,cpu2017_self,200000000
1000000000,normal,0.38748944239484184,B1_cpu2017_self_mcf_w1_no_prefetch_normal_tpNA_w200M_r1000000000_rep1,mcf_w1,16540807,23223,B1,230042334,61645306,24394021,0,0,0,0,0,0,0,0,10565589,26685696,956071,2191752,956071,1079103,19,156559,2304949,1372137,0,18357855,7371769,2400094,11543470,2400110,5737924,5664,3399772,1364763,7374,18,0.25,spp,results/raw/cpu2017_delivery_20261005/primary/B1_cpu2017_self_mcf_w1_spp_normal_tp0.25_w200M_r1000000000_rep1/attempt_001/result.json,1000000000,2158570411,1000000000,0.4632695764307871,B1_cpu2017_self_mcf_w1_spp_normal_tp0.25_w200M_r1000000000_rep1,1.195566964528358,cpu2017_self,200000000
1000000001,normal,0.6043974625989951,B1_cpu2017_self_mcf_w2_no_prefetch_normal_tpNA_w200M_r1000000000_rep1,mcf_w2,7923136,9128,B1,246242187,33859440,6516184,0,0,0,0,0,0,0,0,18651572,8691684,347818,10360143,348156,4826658,774,5184555,2038762,1808844,383,6104623,2239243,2846,5680249,2846,1860465,14550,3802388,1805873,2588,0,0.25,bop,results/raw/cpu2017_delivery_20261005/primary/B1_cpu2017_self_mcf_w2_bop_normal_tp0.25_w200M_r1000000000_rep1/attempt_001/result.json,1000000000,1575304167,1000000001,0.6347980421485168,B1_cpu2017_self_mcf_w2_bop_normal_tp0.25_w200M_r1000000000_rep1,1.0502989860658827,cpu2017_self,200000000
1000000002,normal,0.6043974625989951,B1_cpu2017_self_mcf_w2_no_prefetch_normal_tpNA_w200M_r1000000000_rep1,mcf_w2,5321867,5428,B1,243645997,36417843,9074471,0,0,0,0,0,0,0,0,14922664,12420708,1,0,0,0,0,0,1970290,1877376,13,7107395,5313312,0,0,0,0,0,0,1875254,2109,0,NA,no_prefetch,results/raw/cpu2017_delivery_20261005/primary/B1_cpu2017_self_mcf_w2_no_prefetch_normal_tpNA_w200M_r1000000000_rep1/attempt_001/result.json,1000000000,1654540371,1000000002,0.6043974625989951,B1_cpu2017_self_mcf_w2_no_prefetch_normal_tpNA_w200M_r1000000000_rep1,1.0,cpu2017_self,200000000
1000000002,normal,0.6043974625989951,B1_cpu2017_self_mcf_w2_no_prefetch_normal_tpNA_w200M_r1000000000_rep1,mcf_w2,6455199,13716,B1,244977761,35084872,7741772,0,0,0,0,0,0,0,0,15587673,11755427,376534,1104700,376533,668468,9,59690,1960397,1887146,16,8754192,2624701,755949,4578002,755949,2577402,5556,1239095,1880857,6273,0,0.25,spp,results/raw/cpu2017_delivery_20261005/primary/B1_cpu2017_self_mcf_w2_spp_normal_tp0.25_w200M_r1000000000_rep1/attempt_001/result.json,1000000000,1545269910,1000000002,0.6471361381779576,B1_cpu2017_self_mcf_w2_spp_normal_tp0.25_w200M_r1000000000_rep1,1.0707128640070396,cpu2017_self,200000000
1000000000,normal,0.7128846657575942,B1_cpu2017_self_omnetpp_w1_no_prefetch_normal_tpNA_w200M_r1000000000_rep1,omnetpp_w1,1524068,877190,B1,262426567,8104940,2176924,0,0,0,0,0,0,0,0,10744884,1143087,28272,3401689,69409,2620779,379,711122,1696249,210587,41138,811722,303093,29,1135199,117,7042,5883,1122157,89465,79984,89,0.25,bop,results/raw/cpu2017_delivery_20261005/primary/B1_cpu2017_self_omnetpp_w1_bop_normal_tp0.25_w200M_r1000000000_rep1/attempt_001/result.json,1000000000,1334038903,1000000000,0.7496033269728417,B1_cpu2017_self_omnetpp_w1_bop_normal_tp0.25_w200M_r1000000000_rep1,1.0515071553351845,cpu2017_self,200000000
1000000000,normal,0.7128846657575942,B1_cpu2017_self_omnetpp_w1_no_prefetch_normal_tpNA_w200M_r1000000000_rep1,omnetpp_w1,1266574,846161,B1,262185619,8276505,2349408,0,0,0,0,0,0,0,0,9626629,2260427,0,0,0,0,0,0,301129,1605658,0,1733090,527337,0,0,0,0,0,0,872315,733343,0,NA,no_prefetch,results/raw/cpu2017_delivery_20261005/primary/B1_cpu2017_self_omnetpp_w1_no_prefetch_normal_tpNA_w200M_r1000000000_rep1/attempt_001/result.json,1000000000,1402751452,1000000000,0.7128846657575942,B1_cpu2017_self_omnetpp_w1_no_prefetch_normal_tpNA_w200M_r1000000000_rep1,1.0,cpu2017_self,200000000
1000000000,normal,0.7128846657575942,B1_cpu2017_self_omnetpp_w1_no_prefetch_normal_tpNA_w200M_r1000000000_rep1,omnetpp_w1,1443479,874588,B1,262229460,8251557,2324476,0,0,0,0,0,0,0,0,10309700,1577497,5356,683986,5356,673888,6,4736,301246,1605554,0,1243309,328832,48521,403040,48593,185405,2919,166123,851258,754296,72,0.25,spp,results/raw/cpu2017_delivery_20261005/primary/B1_cpu2017_self_omnetpp_w1_spp_normal_tp0.25_w200M_r1000000000_rep1/attempt_001/result.json,1000000000,1346176863,1000000000,0.7428444415330885,B1_cpu2017_self_omnetpp_w1_spp_normal_tp0.25_w200M_r1000000000_rep1,1.042026118970669,cpu2017_self,200000000
1000000000,normal,0.3494615096925229,B1_cpu2017_self_omnetpp_w2_no_prefetch_normal_tpNA_w200M_r1000000000_rep1,omnetpp_w2,17272264,5076991,B1,218505709,26367689,8275961,0,0,0,0,0,0,0,0,7545893,11104476,559769,11693471,743867,2659777,1115,8288712,1254445,1210753,184183,3675733,6868974,4,8651265,5,246283,12647,8392330,271220,755351,1,0.25,bop,results/raw/cpu2017_delivery_20261005/primary/B1_cpu2017_self_omnetpp_w2_bop_normal_tp0.25_w200M_r1000000000_rep1/attempt_001/result.json,1000000000,2930390534,1000000000,0.34125144358659737,B1_cpu2017_self_omnetpp_w2_bop_normal_tp0.25_w200M_r1000000000_rep1,0.9765065225261883,cpu2017_self,200000000
1000000000,normal,0.3494615096925229,B1_cpu2017_self_omnetpp_w2_no_prefetch_normal_tpNA_w200M_r1000000000_rep1,omnetpp_w2,9770913,4306997,B1,217632343,26971685,8881382,0,0,0,0,0,0,0,0,6298446,12351353,6,0,0,0,0,0,684216,1782424,56,4141630,8209717,0,0,0,0,0,0,776531,1005837,0,NA,no_prefetch,results/raw/cpu2017_delivery_20261005/primary/B1_cpu2017_self_omnetpp_w2_no_prefetch_normal_tpNA_w200M_r1000000000_rep1/attempt_001/result.json,1000000000,2861545470,1000000000,0.3494615096925229,B1_cpu2017_self_omnetpp_w2_no_prefetch_normal_tpNA_w200M_r1000000000_rep1,1.0,cpu2017_self,200000000
1000000000,normal,0.3494615096925229,B1_cpu2017_self_omnetpp_w2_no_prefetch_normal_tpNA_w200M_r1000000000_rep1,omnetpp_w2,15881289,4964110,B1,217952451,26816972,8725356,0,0,0,0,0,0,0,0,6362740,12288240,842,6653,845,2487,0,3321,686208,1779170,64,4844882,7442516,532205,6922986,568466,1768263,8696,4577561,629695,1149411,36262,0.25,spp,results/raw/cpu2017_delivery_20261005/primary/B1_cpu2017_self_omnetpp_w2_spp_normal_tp0.25_w200M_r1000000000_rep1/attempt_001/result.json,1000000000,2921548690,1000000000,0.3422842150202193,B1_cpu2017_self_omnetpp_w2_spp_normal_tp0.25_w200M_r1000000000_rep1,0.9794618449436145,cpu2017_self,200000000
1000000000,normal,0.89454039232511,B1_cpu2017_self_xalancbmk_w1_no_prefetch_normal_tpNA_w200M_r1000000000_rep1,xalancbmk_w1,6926316,248438,B1,201547254,33954819,16810717,0,0,0,0,0,0,0,0,10171793,12413409,598055,13477732,663277,4373233,1513,8439709,507017,286518,65225,9593348,2222006,357,4549076,881,355394,15006,4177795,184834,36459,524,0.25,bop,results/raw/cpu2017_delivery_20261005/primary/B1_cpu2017_self_xalancbmk_w1_bop_normal_tp0.25_w200M_r1000000000_rep1/attempt_001/result.json,1000000000,1535873352,1000000000,0.6510953515130719,B1_cpu2017_self_xalancbmk_w1_bop_normal_tp0.25_w200M_r1000000000_rep1,0.7278546134968035,cpu2017_self,200000000
1000000000,normal,0.89454039232511,B1_cpu2017_self_xalancbmk_w1_no_prefetch_normal_tpNA_w200M_r1000000000_rep1,xalancbmk_w1,797099,162178,B1,200092442,35385820,18242340,0,0,0,0,0,0,0,0,6881722,15702882,2,0,0,0,0,0,339275,454101,2,15074975,627905,0,0,0,0,0,0,301171,152928,0,NA,no_prefetch,results/raw/cpu2017_delivery_20261005/primary/B1_cpu2017_self_xalancbmk_w1_no_prefetch_normal_tpNA_w200M_r1000000000_rep1/attempt_001/result.json,1000000000,1117892505,1000000000,0.89454039232511,B1_cpu2017_self_xalancbmk_w1_no_prefetch_normal_tpNA_w200M_r1000000000_rep1,1.0,cpu2017_self,200000000
1000000002,normal,0.89454039232511,B1_cpu2017_self_xalancbmk_w1_no_prefetch_normal_tpNA_w200M_r1000000000_rep1,xalancbmk_w1,3686177,215748,B1,200351110,35134017,17990596,0,0,0,0,0,0,0,0,7096592,15487917,301190,535569,301205,206319,12,28033,333049,460477,17,13517516,1669211,332107,2087637,335415,545993,9249,1196980,273255,187205,3308,0.25,spp,results/raw/cpu2017_delivery_20261005/primary/B1_cpu2017_self_xalancbmk_w1_spp_normal_tp0.25_w200M_r1000000000_rep1/attempt_001/result.json,1000000000,1351933819,1000000002,0.7396811796154942,B1_cpu2017_self_xalancbmk_w1_spp_normal_tp0.25_w200M_r1000000000_rep1,0.8268840467817198,cpu2017_self,200000000
1000000001,normal,0.21062468603152193,B1_cpu2017_self_xalancbmk_w2_no_prefetch_normal_tpNA_w200M_r1000000000_rep1,xalancbmk_w2,28546977,276847,B1,189222748,44930212,23878420,0,0,0,0,0,0,0,0,7903298,16278818,1523989,17209964,1578346,4481540,1244,11148834,300042,170609,54357,2354845,12399984,358,15225099,642,415938,16990,14791529,60403,55849,284,0.25,bop,results/raw/cpu2017_delivery_20261005/primary/B1_cpu2017_self_xalancbmk_w2_bop_normal_tp0.25_w200M_r1000000000_rep1/attempt_001/result.json,1000000000,4251280695,1000000001,0.23522323571250334,B1_cpu2017_self_xalancbmk_w2_bop_normal_tp0.25_w200M_r1000000000_rep1,1.1167885405289104,cpu2017_self,200000000
1000000000,normal,0.21062468603152193,B1_cpu2017_self_xalancbmk_w2_no_prefetch_normal_tpNA_w200M_r1000000000_rep1,xalancbmk_w2,17828640,265517,B1,187766612,46369653,25318085,0,0,0,0,0,0,0,0,4048441,20133337,0,0,0,0,0,0,219227,251200,0,3329268,16804069,0,0,0,0,0,0,58803,192397,0,NA,no_prefetch,results/raw/cpu2017_delivery_20261005/primary/B1_cpu2017_self_xalancbmk_w2_no_prefetch_normal_tpNA_w200M_r1000000000_rep1/attempt_001/result.json,1000000000,4747781558,1000000000,0.21062468603152193,B1_cpu2017_self_xalancbmk_w2_no_prefetch_normal_tpNA_w200M_r1000000000_rep1,1.0,cpu2017_self,200000000
1000000001,normal,0.21062468603152193,B1_cpu2017_self_xalancbmk_w2_no_prefetch_normal_tpNA_w200M_r1000000000_rep1,xalancbmk_w2,26902788,276283,B1,188263593,45878769,24827434,0,0,0,0,0,0,0,0,5231013,18950597,165313,1453864,165332,1171379,21,117132,220146,250292,20,7979203,10806081,928519,15974994,930911,5407004,12157,9624922,63336,186936,2392,0.25,spp,results/raw/cpu2017_delivery_20261005/primary/B1_cpu2017_self_xalancbmk_w2_spp_normal_tp0.25_w200M_r1000000000_rep1/attempt_001/result.json,1000000000,3812100367,1000000001,0.2623225793467153,B1_cpu2017_self_xalancbmk_w2_spp_normal_tp0.25_w200M_r1000000000_rep1,1.2454503044693266,cpu2017_self,200000000
1000000003,normal,1.2248213932379561,B1_cpu2017_self_xz_w1_no_prefetch_normal_tpNA_w200M_r1000000000_rep1,xz_w1,434478,225647,B1,123235290,855065,262146,0,0,0,0,0,0,0,0,407718,185206,6,270170,52766,103089,646,113669,206838,117789,52760,47732,137468,0,269006,34796,6430,6306,221474,3337,61692,34796,0.25,bop,results/raw/cpu2017_delivery_20261005/primary/B1_cpu2017_self_xz_w1_bop_normal_tp0.25_w200M_r1000000000_rep1/attempt_001/result.json,1000000000,803957996,1000000003,1.2438460814811028,B1_cpu2017_self_xz_w1_bop_normal_tp0.25_w200M_r1000000000_rep1,1.0155326224281997,cpu2017_self,200000000
1000000003,normal,1.2248213932379561,B1_cpu2017_self_xz_w1_no_prefetch_normal_tpNA_w200M_r1000000000_rep1,xz_w1,357302,224995,B1,123112320,885466,292612,0,0,0,0,0,0,0,0,373630,219229,0,0,0,0,0,0,142407,182277,0,44787,174442,0,0,0,0,0,0,246,182031,0,NA,no_prefetch,results/raw/cpu2017_delivery_20261005/primary/B1_cpu2017_self_xz_w1_no_prefetch_normal_tpNA_w200M_r1000000000_rep1/attempt_001/result.json,1000000000,816445572,1000000003,1.2248213932379561,B1_cpu2017_self_xz_w1_no_prefetch_normal_tpNA_w200M_r1000000000_rep1,1.0,cpu2017_self,200000000
1000000003,normal,1.2248213932379561,B1_cpu2017_self_xz_w1_no_prefetch_normal_tpNA_w200M_r1000000000_rep1,xz_w1,429546,225575,B1,123163820,880301,287465,0,0,0,0,0,0,0,0,380338,212503,12649,21374,12649,7572,7,1146,143458,181219,0,79766,120088,21898,161109,21898,50985,5821,82405,12082,169137,0,0.25,spp,results/raw/cpu2017_delivery_20261005/primary/B1_cpu2017_self_xz_w1_spp_normal_tp0.25_w200M_r1000000000_rep1/attempt_001/result.json,1000000000,807100171,1000000003,1.2390035821216547,B1_cpu2017_self_xz_w1_spp_normal_tp0.25_w200M_r1000000000_rep1,1.0115789852806263,cpu2017_self,200000000
1000000001,normal,1.2204749724886634,B1_cpu2017_self_xz_w2_no_prefetch_normal_tpNA_w200M_r1000000000_rep1,xz_w2,423377,212155,B1,124201397,773037,232391,0,0,0,0,0,0,0,0,385453,155200,3,235445,48139,96326,617,90363,197508,111540,48136,21233,133964,0,255312,33654,4356,6053,211249,3395,60009,33654,0.25,bop,results/raw/cpu2017_delivery_20261005/primary/B1_cpu2017_self_xz_w2_bop_normal_tp0.25_w200M_r1000000000_rep1/attempt_001/result.json,1000000000,808251203,1000000001,1.2372391124050082,B1_cpu2017_self_xz_w2_bop_normal_tp0.25_w200M_r1000000000_rep1,1.0137357506661206,cpu2017_self,200000000
1000000001,normal,1.2204749724886634,B1_cpu2017_self_xz_w2_no_prefetch_normal_tpNA_w200M_r1000000000_rep1,xz_w2,345946,211692,B1,124085567,801766,261166,0,0,0,0,0,0,0,0,352131,188476,0,0,0,0,0,0,136715,172374,0,20702,167774,0,0,0,0,0,0,276,172098,0,NA,no_prefetch,results/raw/cpu2017_delivery_20261005/primary/B1_cpu2017_self_xz_w2_no_prefetch_normal_tpNA_w200M_r1000000000_rep1/attempt_001/result.json,1000000000,819353140,1000000001,1.2204749724886634,B1_cpu2017_self_xz_w2_no_prefetch_normal_tpNA_w200M_r1000000000_rep1,1.0,cpu2017_self,200000000
1000000001,normal,1.2204749724886634,B1_cpu2017_self_xz_w2_no_prefetch_normal_tpNA_w200M_r1000000000_rep1,xz_w2,428297,212033,B1,124122709,794652,254043,0,0,0,0,0,0,0,0,353358,187258,13651,16254,13651,1724,4,875,137351,171743,0,44248,129359,21193,158193,21194,43711,6239,87049,17741,154002,1,0.25,spp,results/raw/cpu2017_delivery_20261005/primary/B1_cpu2017_self_xz_w2_spp_normal_tp0.25_w200M_r1000000000_rep1/attempt_001/result.json,1000000000,813189517,1000000001,1.229725642171553,B1_cpu2017_self_xz_w2_spp_normal_tp0.25_w200M_r1000000000_rep1,1.0075795652441988,cpu2017_self,200000000
1000000002,normal,0.3414126272243127,B1_cpu2017_self_bwaves_w1_no_prefetch_normal_tpNA_w200M_r1000000000_rep1,bwaves_w1,24854741,3379668,B3,417390607,37283223,12017855,0,0,0,0,0,0,0,0,10481408,14785459,7172551,14824421,7172461,7647398,7,4555,211132,2889734,4,3745609,3867299,3041145,21091860,3041145,3595959,20991,14433765,29,2889701,1,0.25,spp_basic,results/raw/cpu2017_delivery_20261005/primary/B3_cpu2017_self_bwaves_w1_spp_basic_normal_tp0.25_w200M_r1000000000_rep1/attempt_001/result.json,1000000000,1644975688,1000000002,0.6079117213068501,B3_cpu2017_self_bwaves_w1_spp_basic_normal_tp0.25_w200M_r1000000000_rep1,1.7805777315536837,cpu2017_self,200000000
1000000000,normal,0.3414126272243127,B1_cpu2017_self_bwaves_w1_no_prefetch_normal_tpNA_w200M_r1000000000_rep1,bwaves_w1,24862331,3379509,B3,420859153,33851913,8604349,0,0,0,0,0,0,0,0,12869421,12379642,1321277,11373015,1321159,10048110,7,3739,185728,2889731,1,9014247,2044118,559129,20440593,559129,8863143,14981,11003340,72,2889658,0,0.25,spp_lookahead,results/raw/cpu2017_delivery_20261005/primary/B3_cpu2017_self_bwaves_w1_spp_lookahead_normal_tp0.25_w200M_r1000000000_rep1/attempt_001/result.json,1000000000,1290158694,1000000000,0.775098446920205,B3_cpu2017_self_bwaves_w1_spp_lookahead_normal_tp0.25_w200M_r1000000000_rep1,2.2702688334106487,cpu2017_self,200000000
1000000001,normal,0.41405083502994044,B1_cpu2017_self_bwaves_w2_no_prefetch_normal_tpNA_w200M_r1000000000_rep1,bwaves_w2,22722467,3953509,B3,333075653,44980407,24114919,0,0,0,0,0,0,0,0,6445067,14421224,7641442,13054292,7641346,5410151,2,2793,89818,2870151,7,2336348,4443434,2974260,18339053,2974260,2328294,1985,13034514,20,2870124,1,0.25,spp_basic,results/raw/cpu2017_delivery_20261005/primary/B3_cpu2017_self_bwaves_w2_spp_basic_normal_tp0.25_w200M_r1000000000_rep1/attempt_001/result.json,1000000000,1578929203,1000000001,0.6333406204027249,B3_cpu2017_self_bwaves_w2_spp_basic_normal_tp0.25_w200M_r1000000000_rep1,1.5296204398595823,cpu2017_self,200000000
1000000000,normal,0.41405083502994044,B1_cpu2017_self_bwaves_w2_no_prefetch_normal_tpNA_w200M_r1000000000_rep1,bwaves_w2,22725325,3953483,B3,340598135,37410952,16544199,0,0,0,0,0,0,0,0,9328661,11538895,1635268,9927355,1635143,8290578,3,1631,89471,2870145,4,7749652,2153975,668261,18325284,668267,7741674,2010,9913333,37,2870104,6,0.25,spp_lookahead,results/raw/cpu2017_delivery_20261005/primary/B3_cpu2017_self_bwaves_w2_spp_lookahead_normal_tp0.25_w200M_r1000000000_rep1/attempt_001/result.json,1000000000,1208285250,1000000000,0.8276191404306227,B3_cpu2017_self_bwaves_w2_spp_lookahead_normal_tp0.25_w200M_r1000000000_rep1,1.9988346125923806,cpu2017_self,200000000
1000000000,normal,1.6546977414931245,B1_cpu2017_self_fotonik3d_w1_no_prefetch_normal_tpNA_w200M_r1000000000_rep1,fotonik3d_w1,37253,12651,B3,187741126,24464,14910,0,0,0,0,0,0,0,0,9519,35,0,22,0,5,2,15,5322,38061,0,34,1,0,2,0,1,1,0,909,37152,0,0.25,spp_basic,results/raw/cpu2017_delivery_20261005/primary/B3_cpu2017_self_fotonik3d_w1_spp_basic_normal_tp0.25_w200M_r1000000000_rep1/attempt_001/result.json,1000000000,604339766,1000000000,1.6546983274305997,B3_cpu2017_self_fotonik3d_w1_spp_basic_normal_tp0.25_w200M_r1000000000_rep1,1.000000354105442,cpu2017_self,200000000
1000000000,normal,1.6546977414931245,B1_cpu2017_self_fotonik3d_w1_no_prefetch_normal_tpNA_w200M_r1000000000_rep1,fotonik3d_w1,37253,12652,B3,187741126,24464,14910,0,0,0,0,0,0,0,0,9520,34,0,22,0,5,2,15,5322,38061,0,33,1,0,2,0,1,1,0,909,37152,0,0.25,spp_lookahead,results/raw/cpu2017_delivery_20261005/primary/B3_cpu2017_self_fotonik3d_w1_spp_lookahead_normal_tp0.25_w200M_r1000000000_rep1/attempt_001/result.json,1000000000,604339758,1000000000,1.6546983493348124,B3_cpu2017_self_fotonik3d_w1_spp_lookahead_normal_tp0.25_w200M_r1000000000_rep1,1.0000003673430335,cpu2017_self,200000000
1000000003,normal,1.6296128125686586,B1_cpu2017_self_fotonik3d_w2_no_prefetch_normal_tpNA_w200M_r1000000000_rep1,fotonik3d_w2,37209,12776,B3,188621753,23225,14168,0,0,0,0,0,0,0,0,9001,56,0,21,0,3,3,15,5204,38050,0,55,1,0,2,0,0,2,0,958,37092,0,0.25,spp_basic,results/raw/cpu2017_delivery_20261005/primary/B3_cpu2017_self_fotonik3d_w2_spp_basic_normal_tp0.25_w200M_r1000000000_rep1/attempt_001/result.json,1000000000,613642341,1000000003,1.6296137606319443,B3_cpu2017_self_fotonik3d_w2_spp_basic_normal_tp0.25_w200M_r1000000000_rep1,1.0000005817721107,cpu2017_self,200000000
1000000003,normal,1.6296128125686586,B1_cpu2017_self_fotonik3d_w2_no_prefetch_normal_tpNA_w200M_r1000000000_rep1,fotonik3d_w2,37213,12779,B3,188621753,23225,14168,0,0,0,0,0,0,0,0,9004,53,0,19,0,3,3,13,5196,38058,0,52,1,0,6,0,1,5,0,966,37092,0,0.25,spp_lookahead,results/raw/cpu2017_delivery_20261005/primary/B3_cpu2017_self_fotonik3d_w2_spp_lookahead_normal_tp0.25_w200M_r1000000000_rep1/attempt_001/result.json,1000000000,613642337,1000000003,1.6296137712545085,B3_cpu2017_self_fotonik3d_w2_spp_lookahead_normal_tp0.25_w200M_r1000000000_rep1,1.0000005882905696,cpu2017_self,200000000
1000000001,low,0.2625318553888673,B4_cpu2017_self_bwaves_w1_no_prefetch_low_tpNA_w200M_r1000000000_rep1,bwaves_w1,24845265,3381172,B4,414278587,40032948,14656754,0,0,0,0,0,0,0,0,2942662,22435030,439,0,0,0,0,0,409792,2889739,3,526098,21908493,0,0,0,0,0,0,16,2889720,0,NA,no_prefetch,results/raw/cpu2017_delivery_20261005/primary/B4_cpu2017_self_bwaves_w1_no_prefetch_low_tpNA_w200M_r1000000000_rep1/attempt_001/result.json,1000000000,3809061569,1000000001,0.2625318553888673,B4_cpu2017_self_bwaves_w1_no_prefetch_low_tpNA_w200M_r1000000000_rep1,1.0,cpu2017_self,200000000
1000000002,low,0.2625318553888673,B4_cpu2017_self_bwaves_w1_no_prefetch_low_tpNA_w200M_r1000000000_rep1,bwaves_w1,24854540,3380095,B4,420510029,34059529,8812302,0,0,0,0,0,0,0,0,12584639,12664085,1540970,11305684,1540897,9762584,8,2195,147293,2889730,0,8751053,2372062,778398,20324083,778397,8599411,14923,10931352,77,2889653,0,0.15,spp,results/raw/cpu2017_delivery_20261005/primary/B4_cpu2017_self_bwaves_w1_spp_low_tp0.15_w200M_r1000000000_rep1/attempt_001/result.json,1000000000,2378321555,1000000002,0.42046459188736574,B4_cpu2017_self_bwaves_w1_spp_low_tp0.15_w200M_r1000000000_rep1,1.6015755164818584,cpu2017_self,200000000
1000000002,low,0.2625318553888673,B4_cpu2017_self_bwaves_w1_no_prefetch_low_tpNA_w200M_r1000000000_rep1,bwaves_w1,24853052,3380071,B4,420543074,34036117,8776476,0,0,0,0,0,0,0,0,12669280,12591859,1588949,11426445,1588863,9835760,6,1816,148600,2889732,0,8698371,2304539,860856,20472566,860856,8547466,15056,11049188,63,2889669,0,0.25,spp,results/raw/cpu2017_delivery_20261005/primary/B4_cpu2017_self_bwaves_w1_spp_low_tp0.25_w200M_r1000000000_rep1/attempt_001/result.json,1000000000,2368403444,1000000002,0.42222536220902407,B4_cpu2017_self_bwaves_w1_spp_low_tp0.25_w200M_r1000000000_rep1,1.608282399039216,cpu2017_self,200000000
1000000002,low,0.2625318553888673,B4_cpu2017_self_bwaves_w1_no_prefetch_low_tpNA_w200M_r1000000000_rep1,bwaves_w1,24850931,3380280,B4,420423034,34171096,8908805,0,0,0,0,0,0,0,0,12867743,12396045,1862525,11896851,1862431,10032072,9,2339,149145,2889731,0,8335073,2198447,1029266,20744935,1029266,8184241,15712,11515716,51,2889680,0,0.40,spp,results/raw/cpu2017_delivery_20261005/primary/B4_cpu2017_self_bwaves_w1_spp_low_tp0.40_w200M_r1000000000_rep1/attempt_001/result.json,1000000000,2347191214,1000000002,0.4260411320711428,B4_cpu2017_self_bwaves_w1_spp_low_tp0.40_w200M_r1000000000_rep1,1.6228169013626266,cpu2017_self,200000000
1000000001,normal,0.3414126272243127,B1_cpu2017_self_bwaves_w1_no_prefetch_normal_tpNA_w200M_r1000000000_rep1,bwaves_w1,24863588,3379314,B4,420827503,33877799,8632821,0,0,0,0,0,0,0,0,12736767,12509709,1257967,11176982,1257899,9917153,5,1925,186276,2889735,2,9057879,2193863,534939,20267926,534939,8906856,14646,10811485,81,2889652,0,0.15,spp,results/raw/cpu2017_delivery_20261005/primary/B4_cpu2017_self_bwaves_w1_spp_normal_tp0.15_w200M_r1000000000_rep1/attempt_001/result.json,1000000000,1295241595,1000000001,0.7720567381871334,B4_cpu2017_self_bwaves_w1_spp_normal_tp0.15_w200M_r1000000000_rep1,2.261359647017044,cpu2017_self,200000000
1000000002,normal,0.3414126272243127,B1_cpu2017_self_bwaves_w1_no_prefetch_normal_tpNA_w200M_r1000000000_rep1,bwaves_w1,24859047,3379458,B4,420901951,33810713,8553747,0,0,0,0,0,0,0,0,13091057,12167408,1489319,11752236,1489221,10260635,8,2372,187496,2889731,2,8778575,1899514,683727,20706449,683727,8628362,15597,11378763,45,2889684,0,0.40,spp,results/raw/cpu2017_delivery_20261005/primary/B4_cpu2017_self_bwaves_w1_spp_normal_tp0.40_w200M_r1000000000_rep1/attempt_001/result.json,1000000000,1278284572,1000000002,0.7822984207932692,B4_cpu2017_self_bwaves_w1_spp_normal_tp0.40_w200M_r1000000000_rep1,2.2913576078112907,cpu2017_self,200000000
1000000000,low,0.32829716400855996,B4_cpu2017_self_mcf_w1_no_prefetch_low_tpNA_w200M_r1000000000_rep1,mcf_w1,14482092,16085,B4,228557561,63135204,25882882,0,0,0,0,0,0,0,0,9580308,27672014,0,0,0,0,0,0,2385905,1291274,0,13214513,14457501,0,0,0,0,0,0,1285956,5318,0,NA,no_prefetch,results/raw/cpu2017_delivery_20261005/primary/B4_cpu2017_self_mcf_w1_no_prefetch_low_tpNA_w200M_r1000000000_rep1/attempt_001/result.json,1000000000,3046020830,1000000000,0.32829716400855996,B4_cpu2017_self_mcf_w1_no_prefetch_low_tpNA_w200M_r1000000000_rep1,1.0,cpu2017_self,200000000
1000000000,low,0.32829716400855996,B4_cpu2017_self_mcf_w1_no_prefetch_low_tpNA_w200M_r1000000000_rep1,mcf_w1,17506362,35041,B4,230158554,61528413,24277053,0,0,0,0,0,0,0,0,10652642,26598718,901551,2132717,901551,1076586,12,154568,2375779,1301267,0,18744341,6952825,2074137,12603686,2074160,6404392,6329,4118805,1291443,9824,24,0.15,spp,results/raw/cpu2017_delivery_20261005/primary/B4_cpu2017_self_mcf_w1_spp_low_tp0.15_w200M_r1000000000_rep1/attempt_001/result.json,1000000000,2752385648,1000000000,0.3633211794744833,B4_cpu2017_self_mcf_w1_spp_low_tp0.15_w200M_r1000000000_rep1,1.1066838806594446,cpu2017_self,200000000
1000000000,low,0.32829716400855996,B4_cpu2017_self_mcf_w1_no_prefetch_low_tpNA_w200M_r1000000000_rep1,mcf_w1,16627029,26225,B4,230108122,61581392,24329740,0,0,0,0,0,0,0,0,10605906,26645746,987234,2190309,987234,1045949,13,157113,2367347,1309757,0,17900387,7758125,2717638,11561389,2717651,5405359,5564,3432815,1301888,7869,13,0.25,spp,results/raw/cpu2017_delivery_20261005/primary/B4_cpu2017_self_mcf_w1_spp_low_tp0.25_w200M_r1000000000_rep1/attempt_001/result.json,1000000000,2718344981,1000000000,0.36787089460298344,B4_cpu2017_self_mcf_w1_spp_low_tp0.25_w200M_r1000000000_rep1,1.1205424077114223,cpu2017_self,200000000
1000000000,low,0.32829716400855996,B4_cpu2017_self_mcf_w1_no_prefetch_low_tpNA_w200M_r1000000000_rep1,mcf_w1,15688016,20392,B4,229979053,61712302,24460808,0,0,0,0,0,0,0,0,10571139,26680355,1092287,2263960,1092287,1014988,16,156669,2370428,1306680,0,16730791,8857277,3250300,10056190,3250316,4083142,4787,2717945,1300563,6117,16,0.40,spp,results/raw/cpu2017_delivery_20261005/primary/B4_cpu2017_self_mcf_w1_spp_low_tp0.40_w200M_r1000000000_rep1/attempt_001/result.json,1000000000,2697751443,1000000000,0.37067907148924095,B4_cpu2017_self_mcf_w1_spp_low_tp0.40_w200M_r1000000000_rep1,1.1290961730012872,cpu2017_self,200000000
1000000000,normal,0.38748944239484184,B1_cpu2017_self_mcf_w1_no_prefetch_normal_tpNA_w200M_r1000000000_rep1,mcf_w1,17377186,29872,B4,230082960,61601670,24350507,0,0,0,0,0,0,0,0,10606930,26644233,875954,2125485,875954,1095215,18,154298,2308042,1369008,0,19202444,6565834,1788764,12573835,1788795,6705385,6262,4073393,1359514,9494,31,0.15,spp,results/raw/cpu2017_delivery_20261005/primary/B4_cpu2017_self_mcf_w1_spp_normal_tp0.15_w200M_r1000000000_rep1/attempt_001/result.json,1000000000,2146363988,1000000000,0.465904201519803,B4_cpu2017_self_mcf_w1_spp_normal_tp0.15_w200M_r1000000000_rep1,1.20236618226377,cpu2017_self,200000000
1000000000,normal,0.38748944239484184,B1_cpu2017_self_mcf_w1_no_prefetch_normal_tpNA_w200M_r1000000000_rep1,mcf_w1,15598170,18474,B4,229934050,61754937,24503673,0,0,0,0,0,0,0,0,10544059,26707205,1056970,2270630,1056970,1056559,25,157076,2307071,1370051,0,17160151,8490084,2959961,10042632,2959971,4385638,5111,2691912,1363882,6169,11,0.40,spp,results/raw/cpu2017_delivery_20261005/primary/B4_cpu2017_self_mcf_w1_spp_normal_tp0.40_w200M_r1000000000_rep1/attempt_001/result.json,1000000000,2180826549,1000000000,0.4585417398089462,B4_cpu2017_self_mcf_w1_spp_normal_tp0.40_w200M_r1000000000_rep1,1.1833657633998294,cpu2017_self,200000000
