application,baseline_ids,cycles,instructions,ipc,prefetcher,roi,run_ids,speedup,windows
bwaves,A4_cpu2006_bwaves_no_prefetch_normal_tpNA_w200M_r500000000_rep1,1026979510,500000002,0.4868646327714951,no_prefetch,500000000,A4_cpu2006_bwaves_no_prefetch_normal_tpNA_w200M_r500000000_rep1,1.0,1
bwaves,A4_cpu2006_bwaves_no_prefetch_normal_tpNA_w200M_r500000000_rep1,521777030,500000002,0.958263728090905,spp,500000000,A4_cpu2006_bwaves_spp_normal_tp0.25_w200M_r500000000_rep1,1.968234419978204,1
bwaves,A4_cpu2006_bwaves_no_prefetch_normal_tpNA_w200M_r500000000_rep1,481964824,500000002,1.03742011263461,bop,500000000,A4_cpu2006_bwaves_bop_normal_tp0.25_w200M_r500000000_rep1,2.1308183893519996,1
bwaves,A1_cpu2006_bwaves_no_prefetch_normal_tpNA_w200M_r1000000000_rep1,2198620086,1000000000,0.45483073968423665,no_prefetch,1000000000,A1_cpu2006_bwaves_no_prefetch_normal_tpNA_w200M_r1000000000_rep1,1.0,1
bwaves,A1_cpu2006_bwaves_no_prefetch_normal_tpNA_w200M_r1000000000_rep1,1040457150,1000000000,0.961115986371952,spp,1000000000,A1_cpu2006_bwaves_spp_normal_tp0.25_w200M_r1000000000_rep1,2.113128912613076,1
bwaves,A1_cpu2006_bwaves_no_prefetch_normal_tpNA_w200M_r1000000000_rep1,999049990,1000000001,1.0009509143781683,bop,1000000000,A1_cpu2006_bwaves_bop_normal_tp0.25_w200M_r1000000000_rep1,2.200710785451907,1
mcf,A4_cpu2006_mcf_no_prefetch_normal_tpNA_w200M_r500000000_rep1,5225445619,500000002,0.09568561964973346,no_prefetch,500000000,A4_cpu2006_mcf_no_prefetch_normal_tpNA_w200M_r500000000_rep1,1.0,1
mcf,A4_cpu2006_mcf_no_prefetch_normal_tpNA_w200M_r500000000_rep1,5084004269,500000001,0.09834767528595087,spp,500000000,A4_cpu2006_mcf_spp_normal_tp0.25_w200M_r500000000_rep1,1.0278208538123297,1
mcf,A4_cpu2006_mcf_no_prefetch_normal_tpNA_w200M_r500000000_rep1,4927539710,500000001,0.10147051681497256,bop,500000000,A4_cpu2006_mcf_bop_normal_tp0.25_w200M_r500000000_rep1,1.060457330855099,1
mcf,A1_cpu2006_mcf_no_prefetch_normal_tpNA_w200M_r1000000000_rep1,10309742559,1000000000,0.0969956324590316,no_prefetch,1000000000,A1_cpu2006_mcf_no_prefetch_normal_tpNA_w200M_r1000000000_rep1,1.0,1
mcf,A1_cpu2006_mcf_no_prefetch_normal_tpNA_w200M_r1000000000_rep1,10058289024,1000000003,0.09942048797900997,spp,1000000000,A1_cpu2006_mcf_spp_normal_tp0.25_w200M_r1000000000_rep1,1.024999636153747,1
mcf,A1_cpu2006_mcf_no_prefetch_normal_tpNA_w200M_r1000000000_rep1,9768481321,1000000003,0.10237005836825717,bop,1000000000,A1_cpu2006_mcf_bop_normal_tp0.25_w200M_r1000000000_rep1,1.0554089475265351,1
